NP_808922.1	BT_0009			NC_004663.1:5632..6741	ABC transporter phosphate-binding periplasmic protein [Bacteroides thetaiotaomicron VPI-5482].
NP_808986.1	BT_0073			complement(NC_004663.1:69588..71018)	ABC transporter ATP-binding protein [Bacteroides thetaiotaomicron VPI-5482].
NP_809029.1	BT_0116			complement(NC_004663.1:107019..108731)	arsenical pump-driving ATPase [Bacteroides thetaiotaomicron VPI-5482].
NP_809035.1	BT_0122			NC_004663.1:111648..112655	3-oxoacyl-ACP synthase [Bacteroides thetaiotaomicron VPI-5482].
NP_809036.1	BT_0123			complement(NC_004663.1:112706..113182)	NADH-ubiquinone oxidoreductase subunit [Bacteroides thetaiotaomicron VPI-5482].
NP_809037.1	BT_0124			complement(NC_004663.1:113201..114967)	NADH:ubiquinone oxidoreductase subunit [Bacteroides thetaiotaomicron VPI-5482].
NP_809038.1	BT_0125			complement(NC_004663.1:114979..116886)	NADH:ubiquinone oxidoreductase subunit [Bacteroides thetaiotaomicron VPI-5482].
NP_809043.1	BT_0130			complement(NC_004663.1:125549..126364)	D-mannonate oxidoreductase [Bacteroides thetaiotaomicron VPI-5482].
NP_809046.1	BT_0133		murQ	complement(NC_004663.1:129836..130669)	N-acetylmuramic acid 6-phosphate etherase [Bacteroides thetaiotaomicron VPI-5482].
NP_809071.1	BT_0158			complement(NC_004663.1:163152..164579)	Na(+)/H(+) antiporter [Bacteroides thetaiotaomicron VPI-5482].
NP_809075.1	BT_0162			complement(NC_004663.1:167345..169663)	penicillin-binding protein 1C [Bacteroides thetaiotaomicron VPI-5482].
NP_809093.1	BT_0180			NC_004663.1:187553..190300	5-methyltetrahydrofolate--homocysteine methyltransferase [Bacteroides thetaiotaomicron VPI-5482].
NP_809095.1	BT_0182			NC_004663.1:191106..192656	osmo-regulated proline transporter [Bacteroides thetaiotaomicron VPI-5482].
NP_809096.1	BT_0183			complement(NC_004663.1:192751..194139)	transglycosylase [Bacteroides thetaiotaomicron VPI-5482].
NP_809097.1	BT_0184			complement(NC_004663.1:194157..194774)	uridine kinase [Bacteroides thetaiotaomicron VPI-5482].
NP_809108.1	BT_0195			NC_004663.1:208943..209842	glycerophosphoryl diester phosphodiesterase [Bacteroides thetaiotaomicron VPI-5482].
NP_809109.1	BT_0196			NC_004663.1:209855..211201	hexose phosphate transport protein [Bacteroides thetaiotaomicron VPI-5482].
NP_809113.1	BT_0200		hisG	NC_004663.1:215094..215945	ATP phosphoribosyltransferase [Bacteroides thetaiotaomicron VPI-5482].
NP_809114.1	BT_0201		hisD	NC_004663.1:215955..217241	histidinol dehydrogenase [Bacteroides thetaiotaomicron VPI-5482].
NP_809115.1	BT_0202			NC_004663.1:217238..218278	histidinol-phosphate aminotransferase [Bacteroides thetaiotaomicron VPI-5482].
NP_809116.1	BT_0203			NC_004663.1:218282..219406	imidazole glycerol-phosphate dehydratase/histidinol phosphatase [Bacteroides thetaiotaomicron VPI-5482].
NP_809118.1	BT_0205		nadE	complement(NC_004663.1:220121..222046)	NAD synthetase [Bacteroides thetaiotaomicron VPI-5482].
NP_809129.1	BT_0216			NC_004663.1:238951..239511	rubrerythrin [Bacteroides thetaiotaomicron VPI-5482].
NP_809131.1	BT_0218			complement(NC_004663.1:240357..240821)	thioredoxin [Bacteroides thetaiotaomicron VPI-5482].
NP_809132.1	BT_0219			complement(NC_004663.1:240836..241135)	thioredoxin [Bacteroides thetaiotaomicron VPI-5482].
NP_809156.1	BT_0243			complement(NC_004663.1:267194..268021)	1-acyl-sn-glycerol-3-phosphate acyltransferase [Bacteroides thetaiotaomicron VPI-5482].
NP_809163.1	BT_0250			complement(NC_004663.1:275479..276816)	dihydroorotase [Bacteroides thetaiotaomicron VPI-5482].
NP_809171.1	BT_0258			complement(NC_004663.1:288339..290330)	glucosamine-6-phosphate deaminase [Bacteroides thetaiotaomicron VPI-5482].
NP_809172.1	BT_0259			complement(NC_004663.1:290470..291255)	amidohydrolase [Bacteroides thetaiotaomicron VPI-5482].
NP_809217.1	BT_0304			NC_004663.1:362872..364107	acriflavine resistance protein A [Bacteroides thetaiotaomicron VPI-5482].
NP_809218.1	BT_0305			NC_004663.1:364111..367215	aminoglycoside efflux pump [Bacteroides thetaiotaomicron VPI-5482].
NP_809220.1	BT_0307			NC_004663.1:368717..370363	diphosphate--fructose-6-phosphate 1-phosphotransferase [Bacteroides thetaiotaomicron VPI-5482].
NP_809224.1	BT_0311			NC_004663.1:373622..374992	lipoamide acyltransferase component of branched-chain alpha-keto acid dehydrogenase complex [Bacteroides thetaiotaomicron VPI-5482].
NP_809234.1	BT_0321			complement(NC_004663.1:387935..388405)	cytidine/deoxycytidylate deaminase [Bacteroides thetaiotaomicron VPI-5482].
NP_809242.1	BT_0329			complement(NC_004663.1:395470..396012)	ketoisovalerate oxidoreductase subunit vorA [Bacteroides thetaiotaomicron VPI-5482].
NP_809243.1	BT_0330			complement(NC_004663.1:396032..396739)	ketoisovalerate oxidoreductase subunit vorA [Bacteroides thetaiotaomicron VPI-5482].
NP_809244.1	BT_0331			complement(NC_004663.1:396996..397883)	2-oxoglutarate ferredoxin oxidoreductase [Bacteroides thetaiotaomicron VPI-5482].
NP_809246.1	BT_0333			complement(NC_004663.1:398092..398319)	hypothetical protein BT_0333 [Bacteroides thetaiotaomicron VPI-5482].
NP_809253.1	BT_0340			NC_004663.1:407471..409279	trimethylamine corrinoid protein 2 [Bacteroides thetaiotaomicron VPI-5482].
NP_809254.1	BT_0341			NC_004663.1:409308..410879	Na+/glucose cotransporter [Bacteroides thetaiotaomicron VPI-5482].
NP_809259.1	BT_0346			complement(NC_004663.1:415102..415536)	ribose 5-phosphate isomerase B [Bacteroides thetaiotaomicron VPI-5482].
NP_809260.1	BT_0347			complement(NC_004663.1:415536..417545)	transketolase [Bacteroides thetaiotaomicron VPI-5482].
NP_809261.1	BT_0348			complement(NC_004663.1:417722..419266)	alpha-L-arabinofuranosidase [Bacteroides thetaiotaomicron VPI-5482].
NP_809263.1	BT_0350			complement(NC_004663.1:421849..423444)	xylulose kinase [Bacteroides thetaiotaomicron VPI-5482].
NP_809264.1	BT_0351			complement(NC_004663.1:423634..425163)	L-arabinose isomerase [Bacteroides thetaiotaomicron VPI-5482].
NP_809266.1	BT_0353		araD	complement(NC_004663.1:425643..426326)	L-ribulose-5-phosphate 4-epimerase [Bacteroides thetaiotaomicron VPI-5482].
NP_809268.1	BT_0355			complement(NC_004663.1:427031..428725)	Na+/glucose cotransporter [Bacteroides thetaiotaomicron VPI-5482].
NP_809281.1	BT_0368			NC_004663.1:452372..454354	alpha-L-arabinofuranosidase [Bacteroides thetaiotaomicron VPI-5482].
NP_809283.1	BT_0370			complement(NC_004663.1:455441..456595)	galactokinase [Bacteroides thetaiotaomicron VPI-5482].
NP_809286.1	BT_0373			NC_004663.1:459328..460299	mannose-6-phosphate isomerase [Bacteroides thetaiotaomicron VPI-5482].
NP_809294.1	BT_0381			NC_004663.1:468796..469845	capsular polysaccharide biosynthesis protein capD [Bacteroides thetaiotaomicron VPI-5482].
NP_809296.1	BT_0383			NC_004663.1:471061..472254	UDP-N-acetylglucosamine 2-epimerase [Bacteroides thetaiotaomicron VPI-5482].
NP_809306.1	BT_0393			NC_004663.1:482830..483435	serine acetyltransferase [Bacteroides thetaiotaomicron VPI-5482].
NP_809322.1	BT_0409			NC_004663.1:495536..496306	short-chain dehydrogenase [Bacteroides thetaiotaomicron VPI-5482].
NP_809324.1	BT_0411			NC_004663.1:497130..497936	CysQ, sulfite synthesis pathway protein [Bacteroides thetaiotaomicron VPI-5482].
NP_809326.1	BT_0413			NC_004663.1:499518..500123	adenylylsulfate kinase [Bacteroides thetaiotaomicron VPI-5482].
NP_809327.1	BT_0414			NC_004663.1:500144..501052	sulfate adenylyltransferase subunit 2 [Bacteroides thetaiotaomicron VPI-5482].
NP_809328.1	BT_0415		cysN	NC_004663.1:501092..502549	sulfate adenylyltransferase subunit 1 [Bacteroides thetaiotaomicron VPI-5482].
NP_809340.1	BT_0427			complement(NC_004663.1:513881..514453)	xanthine phosphoribosyltransferase [Bacteroides thetaiotaomicron VPI-5482].
NP_809344.1	BT_0431			complement(NC_004663.1:518130..519167)	hypothetical protein BT_0431 [Bacteroides thetaiotaomicron VPI-5482].
NP_809349.1	BT_0436			NC_004663.1:524995..526401	arabinose-proton symporter [Bacteroides thetaiotaomicron VPI-5482].
NP_809355.1	BT_0442			NC_004663.1:536438..538213	glycerophosphoryl diester phosphodiesterase [Bacteroides thetaiotaomicron VPI-5482].
NP_809367.1	BT_0454			complement(NC_004663.1:556869..557261)	arabinose ABC transporter [Bacteroides thetaiotaomicron VPI-5482].
NP_809371.1	BT_0458			NC_004663.1:563266..565860	beta-mannosidase [Bacteroides thetaiotaomicron VPI-5482].
NP_809374.1	BT_0461			NC_004663.1:570314..572833	beta-galactosidase [Bacteroides thetaiotaomicron VPI-5482].
NP_809376.1	BT_0463			NC_004663.1:573896..574783	glucose-1-phosphate thymidylyltransferase [Bacteroides thetaiotaomicron VPI-5482].
NP_809377.1	BT_0464			NC_004663.1:574814..575383	dTDP-4-dehydrorhamnose 3,5-epimerase [Bacteroides thetaiotaomicron VPI-5482].
NP_809378.1	BT_0465			NC_004663.1:575387..576241	dTDP-4-dehydrorhamnose reductase [Bacteroides thetaiotaomicron VPI-5482].
NP_809379.1	BT_0466			NC_004663.1:576244..577356	dTDP-glucose 4,6-dehydratase [Bacteroides thetaiotaomicron VPI-5482].
NP_809389.1	BT_0476			NC_004663.1:587378..588085	D-mannose-1-phosphate guanyltransferase [Bacteroides thetaiotaomicron VPI-5482].
NP_809399.1	BT_0486			complement(NC_004663.1:601684..603174)	altronate hydrolase [Bacteroides thetaiotaomicron VPI-5482].
NP_809401.1	BT_0488			NC_004663.1:604517..605542	2-dehydro-3-deoxygluconokinase [Bacteroides thetaiotaomicron VPI-5482].
NP_809402.1	BT_0489			NC_004663.1:605607..606278	keto-hydroxyglutarate-aldolase/keto-deoxy-phosphogluconate aldolase [Bacteroides thetaiotaomicron VPI-5482].
NP_809412.1	BT_0499			NC_004663.1:617477..618376	cation efflux system protein [Bacteroides thetaiotaomicron VPI-5482].
NP_809431.1	BT_0518			complement(NC_004663.1:640445..641620)	5-aminoimidazole-4-carboxamide ribonucleotide transformylase [Bacteroides thetaiotaomicron VPI-5482].
NP_809439.1	BT_0526			complement(NC_004663.1:649703..650743)	L-asparaginase I [Bacteroides thetaiotaomicron VPI-5482].
NP_809440.1	BT_0527		trpA	complement(NC_004663.1:651009..651779)	tryptophan synthase subunit alpha [Bacteroides thetaiotaomicron VPI-5482].
NP_809441.1	BT_0528			complement(NC_004663.1:651798..652421)	N-(5'-phosphoribosyl)anthranilate isomerase [Bacteroides thetaiotaomicron VPI-5482].
NP_809442.1	BT_0529		trpC	complement(NC_004663.1:652452..653234)	indole-3-glycerol phosphate synthase [Bacteroides thetaiotaomicron VPI-5482].
NP_809443.1	BT_0530			complement(NC_004663.1:653313..654311)	anthranilate phosphoribosyltransferase [Bacteroides thetaiotaomicron VPI-5482].
NP_809444.1	BT_0531			complement(NC_004663.1:654316..654882)	anthranilate synthase component II [Bacteroides thetaiotaomicron VPI-5482].
NP_809445.1	BT_0532			complement(NC_004663.1:654951..656357)	anthranilate synthase component I [Bacteroides thetaiotaomicron VPI-5482].
NP_809446.1	BT_0533			complement(NC_004663.1:656402..657586)	tryptophan synthase subunit beta [Bacteroides thetaiotaomicron VPI-5482].
NP_809448.1	BT_0535			NC_004663.1:658163..659308	iron-containing alcohol dehydrogenase [Bacteroides thetaiotaomicron VPI-5482].
NP_809452.1	BT_0539			NC_004663.1:661448..663307	Na+/sulfate transporter [Bacteroides thetaiotaomicron VPI-5482].
NP_809453.1	BT_0540			complement(NC_004663.1:664074..664991)	exopolyphosphatase [Bacteroides thetaiotaomicron VPI-5482].
NP_809454.1	BT_0541			complement(NC_004663.1:664997..667114)	polyphosphate kinase [Bacteroides thetaiotaomicron VPI-5482].
NP_809457.1	BT_0544			complement(NC_004663.1:670232..671689)	ammonium transporter [Bacteroides thetaiotaomicron VPI-5482].
NP_809460.1	BT_0547			complement(NC_004663.1:673080..674312)	L,L-diaminopimelate aminotransferase [Bacteroides thetaiotaomicron VPI-5482].
NP_809461.1	BT_0548		dapF	complement(NC_004663.1:674370..675173)	diaminopimelate epimerase [Bacteroides thetaiotaomicron VPI-5482].
NP_809463.1	BT_0550			complement(NC_004663.1:676005..676742)	glycerophosphodiester phosphodiesterase [Bacteroides thetaiotaomicron VPI-5482].
NP_809464.1	BT_0551		asnB	complement(NC_004663.1:676966..678645)	asparagine synthetase B [Bacteroides thetaiotaomicron VPI-5482].
NP_809465.1	BT_0552			complement(NC_004663.1:678852..680192)	glutamate synthase small subunit [Bacteroides thetaiotaomicron VPI-5482].
NP_809466.1	BT_0553			complement(NC_004663.1:680307..684917)	glutamate synthase large subunit [Bacteroides thetaiotaomicron VPI-5482].
NP_809467.1	BT_0554			NC_004663.1:685280..687124	glucosamine--fructose-6-phosphate aminotransferase [Bacteroides thetaiotaomicron VPI-5482].
NP_809468.1	BT_0555			NC_004663.1:687163..689046	amidophosphoribosyltransferase [Bacteroides thetaiotaomicron VPI-5482].
NP_809469.1	BT_0556			NC_004663.1:689074..690240	carbamoyl phosphate synthase small subunit [Bacteroides thetaiotaomicron VPI-5482].
NP_809470.1	BT_0557			NC_004663.1:690250..693477	carbamyl phosphate synthetase [Bacteroides thetaiotaomicron VPI-5482].
NP_809471.1	BT_0558			NC_004663.1:693733..694785	mannose-1-phosphate guanylyltransferase [Bacteroides thetaiotaomicron VPI-5482].
NP_809475.1	BT_0562			NC_004663.1:698022..699491	ABC transporter ATP-binding protein [Bacteroides thetaiotaomicron VPI-5482].
NP_809484.1	BT_0571			NC_004663.1:707810..709108	phenylacetate-coenzyme A ligase [Bacteroides thetaiotaomicron VPI-5482].
NP_809485.1	BT_0572			NC_004663.1:709234..709659	hypothetical protein BT_0572 [Bacteroides thetaiotaomicron VPI-5482].
NP_809493.1	BT_0580			NC_004663.1:717802..719316	H+/peptide symporter [Bacteroides thetaiotaomicron VPI-5482].
NP_809503.1	BT_0590		pyrG	complement(NC_004663.1:729633..731246)	CTP synthetase [Bacteroides thetaiotaomicron VPI-5482].
NP_809512.1	BT_0599			NC_004663.1:739128..740444	UDP-glucose 6-dehydrogenase [Bacteroides thetaiotaomicron VPI-5482].
NP_809527.1	BT_0614			NC_004663.1:758286..760724	tyrosine-protein kinase in cps region [Bacteroides thetaiotaomicron VPI-5482].
NP_809530.1	BT_0617			NC_004663.1:762189..763070	ferredoxin [Bacteroides thetaiotaomicron VPI-5482].
NP_809531.1	BT_0618			NC_004663.1:763095..764432	Na+-transporting NADH:ubiquinone oxidoreductase electron transport complex protein RnfC [Bacteroides thetaiotaomicron VPI-5482].
NP_809532.1	BT_0619			NC_004663.1:764439..765431	Na+-transporting NADH:ubiquinone oxidoreductase electron transport complex protein RnfD [Bacteroides thetaiotaomicron VPI-5482].
NP_809533.1	BT_0620			NC_004663.1:765458..766141	Na+-transporting NADH:ubiquinone oxidoreductase electron transport complex protein RnfG [Bacteroides thetaiotaomicron VPI-5482].
NP_809534.1	BT_0621			NC_004663.1:766159..766743	electron transport complex protein RsxE [Bacteroides thetaiotaomicron VPI-5482].
NP_809535.1	BT_0622			NC_004663.1:766766..767338	Na+-transporting NADH:ubiquinone oxidoreductase electron transport complex protein RnfA [Bacteroides thetaiotaomicron VPI-5482].
NP_809536.1	BT_0623			NC_004663.1:767597..768631	UDP-glucose 4-epimerase [Bacteroides thetaiotaomicron VPI-5482].
NP_809537.1	BT_0624			complement(NC_004663.1:768864..769688)	4-diphosphocytidyl-2-C-methyl-D-erythritol kinase [Bacteroides thetaiotaomicron VPI-5482].
NP_809542.1	BT_0629			NC_004663.1:775419..776675	Mn2+ and Fe2+ transport protein [Bacteroides thetaiotaomicron VPI-5482].
NP_809547.1	BT_0634			NC_004663.1:781573..782892	Na+/H+ antiporter 1 [Bacteroides thetaiotaomicron VPI-5482].
NP_809557.1	BT_0644			NC_004663.1:793309..796029	pyruvate phosphate dikinase [Bacteroides thetaiotaomicron VPI-5482].
NP_809563.1	BT_0650			complement(NC_004663.1:800221..801918)	thiamine biosynthesis protein ThiC [Bacteroides thetaiotaomicron VPI-5482].
NP_809565.1	BT_0652		thiE	complement(NC_004663.1:802785..803414)	thiamine-phosphate pyrophosphorylase [Bacteroides thetaiotaomicron VPI-5482].
NP_809587.1	BT_0674			NC_004663.1:834315..835454	carboxynorspermidine decarboxylase [Bacteroides thetaiotaomicron VPI-5482].
NP_809588.1	BT_0675			NC_004663.1:836314..837480	N-acetylglucosamine-6-phosphate deacetylase [Bacteroides thetaiotaomicron VPI-5482].
NP_809589.1	BT_0676			NC_004663.1:837499..838671	N-acetylglucosamine-6-phosphate deacetylase [Bacteroides thetaiotaomicron VPI-5482].
NP_809591.1	BT_0678			NC_004663.1:839386..840648	cation efflux system protein CzcC [Bacteroides thetaiotaomicron VPI-5482].
NP_809592.1	BT_0679			NC_004663.1:840662..841798	cation efflux system protein CzcB [Bacteroides thetaiotaomicron VPI-5482].
NP_809595.1	BT_0682			complement(NC_004663.1:846392..847129)	two-component system response regulator [Bacteroides thetaiotaomicron VPI-5482].
NP_809597.1	BT_0684			complement(NC_004663.1:849389..851053)	long-chain-fatty-acid--CoA ligase [Bacteroides thetaiotaomicron VPI-5482].
NP_809598.1	BT_0685			complement(NC_004663.1:851405..852877)	potassium/proton antiporter [Bacteroides thetaiotaomicron VPI-5482].
NP_809599.1	BT_0686			NC_004663.1:853046..854230	uracil permease [Bacteroides thetaiotaomicron VPI-5482].
NP_809600.2	BT_0687			complement(NC_004663.1:854378..856003)	hydroxylamine reductase [Bacteroides thetaiotaomicron VPI-5482].
NP_809610.1	BT_0697			NC_004663.1:868508..869155	phosphatase/phosphohexomutase [Bacteroides thetaiotaomicron VPI-5482].
NP_809611.1	BT_0698		panB	NC_004663.1:869338..870159	3-methyl-2-oxobutanoate hydroxymethyltransferase [Bacteroides thetaiotaomicron VPI-5482].
NP_809617.1	BT_0704		purT	NC_004663.1:877494..878660	phosphoribosylglycinamide formyltransferase 2 [Bacteroides thetaiotaomicron VPI-5482].
NP_809638.1	BT_0725			complement(NC_004663.1:899030..899938)	dTDP-4-dehydrorhamnose reductase [Bacteroides thetaiotaomicron VPI-5482].
NP_809648.1	BT_0735			complement(NC_004663.1:910477..912150)	aspartate aminotransferase [Bacteroides thetaiotaomicron VPI-5482].
NP_809650.1	BT_0737			NC_004663.1:914067..915734	formate--tetrahydrofolate ligase [Bacteroides thetaiotaomicron VPI-5482].
NP_809651.1	BT_0738		glyA	complement(NC_004663.1:916121..917401)	serine hydroxymethyltransferase [Bacteroides thetaiotaomicron VPI-5482].
NP_809654.1	BT_0741			complement(NC_004663.1:918977..919438)	aspartate carbamoyltransferase [Bacteroides thetaiotaomicron VPI-5482].
NP_809655.1	BT_0742		pyrB	complement(NC_004663.1:919435..920376)	aspartate carbamoyltransferase [Bacteroides thetaiotaomicron VPI-5482].
NP_809656.1	BT_0743			NC_004663.1:920582..922921	penicillin-binding protein 1A [Bacteroides thetaiotaomicron VPI-5482].
NP_809658.1	BT_0745			NC_004663.1:923309..924061	3-deoxy-manno-octulosonate cytidylyltransferase [Bacteroides thetaiotaomicron VPI-5482].
NP_809659.1	BT_0746			NC_004663.1:924065..925348	zinc protease [Bacteroides thetaiotaomicron VPI-5482].
NP_809661.1	BT_0748			complement(NC_004663.1:926690..927607)	ribose-phosphate pyrophosphokinase [Bacteroides thetaiotaomicron VPI-5482].
NP_809670.1	BT_0757			NC_004663.1:943044..945092	beta-galactosidase [Bacteroides thetaiotaomicron VPI-5482].
NP_809680.1	BT_0767			NC_004663.1:957437..958429	para-aminobenzoate synthase component I [Bacteroides thetaiotaomicron VPI-5482].
NP_809691.1	BT_0778			complement(NC_004663.1:969603..970490)	hypothetical protein BT_0778 [Bacteroides thetaiotaomicron VPI-5482].
NP_809698.1	BT_0785			NC_004663.1:973619..975121	glutamine synthetase [Bacteroides thetaiotaomicron VPI-5482].
NP_809700.1	BT_0787			complement(NC_004663.1:976337..977197)	succinyl-CoA synthetase alpha chain [Bacteroides thetaiotaomicron VPI-5482].
NP_809701.1	BT_0788			complement(NC_004663.1:977227..978357)	succinyl-CoA synthetase beta chain [Bacteroides thetaiotaomicron VPI-5482].
NP_809702.1	BT_0789			complement(NC_004663.1:978557..979444)	malonyl CoA-ACP transacylase [Bacteroides thetaiotaomicron VPI-5482].
NP_809703.1	BT_0790			complement(NC_004663.1:979495..980331)	phosphomethylpyrimidine kinase [Bacteroides thetaiotaomicron VPI-5482].
NP_809705.1	BT_0792			NC_004663.1:981492..982985	xylulose kinase [Bacteroides thetaiotaomicron VPI-5482].
NP_809706.1	BT_0793			NC_004663.1:982998..984314	xylose isomerase [Bacteroides thetaiotaomicron VPI-5482].
NP_809707.1	BT_0794		xylE	NC_004663.1:984417..985871	D-xylose transporter XylE [Bacteroides thetaiotaomicron VPI-5482].
NP_809734.1	BT_0821			NC_004663.1:1013590..1014978	permease [Bacteroides thetaiotaomicron VPI-5482].
NP_809736.2	BT_0823			complement(NC_004663.1:1016996..1018402)	glucuronate isomerase [Bacteroides thetaiotaomicron VPI-5482].
NP_809738.1	BT_0825			NC_004663.1:1019696..1021135	altronate oxidoreductase [Bacteroides thetaiotaomicron VPI-5482].
NP_809741.1	BT_0828			NC_004663.1:1022989..1023537	dTDP-4-dehydrorhamnose 3,5-epimerase [Bacteroides thetaiotaomicron VPI-5482].
NP_809742.1	BT_0829			NC_004663.1:1023557..1024870	UDP-glucose 6-dehydrogenase [Bacteroides thetaiotaomicron VPI-5482].
NP_809745.1	BT_0832			complement(NC_004663.1:1027033..1028262)	phosphoserine phosphatase [Bacteroides thetaiotaomicron VPI-5482].
NP_809783.1	BT_0870			complement(NC_004663.1:1069916..1071100)	8-amino-7-oxononanoate synthase [Bacteroides thetaiotaomicron VPI-5482].
NP_809784.1	BT_0871			NC_004663.1:1071333..1072346	hypothetical protein BT_0871 [Bacteroides thetaiotaomicron VPI-5482].
NP_809788.1	BT_0875			complement(NC_004663.1:1076614..1077498)	beta-ureidopropionase [Bacteroides thetaiotaomicron VPI-5482].
NP_809789.1	BT_0876			complement(NC_004663.1:1077535..1078650)	hypothetical protein BT_0876 [Bacteroides thetaiotaomicron VPI-5482].
NP_809799.1	BT_0886			NC_004663.1:1086323..1089469	cation efflux pump [Bacteroides thetaiotaomicron VPI-5482].
NP_809801.1	BT_0888			NC_004663.1:1090106..1090882	AMP nucleosidase [Bacteroides thetaiotaomicron VPI-5482].
NP_809804.1	BT_0891			NC_004663.1:1093702..1094478	dihydroorotate dehydrogenase electron transfer subunit [Bacteroides thetaiotaomicron VPI-5482].
NP_809805.1	BT_0892			NC_004663.1:1094466..1095377	dihydroorotate dehydrogenase 1B [Bacteroides thetaiotaomicron VPI-5482].
NP_809807.1	BT_0894			NC_004663.1:1096350..1098350	DNA ligase [Bacteroides thetaiotaomicron VPI-5482].
NP_809808.1	BT_0895			NC_004663.1:1098410..1099303	dihydrodipicolinate synthase [Bacteroides thetaiotaomicron VPI-5482].
NP_809867.1	BT_0954			NC_004663.1:1164277..1165689	hypothetical protein BT_0954 [Bacteroides thetaiotaomicron VPI-5482].
NP_809875.1	BT_0962			complement(NC_004663.1:1176140..1177543)	aldo/keto reductase [Bacteroides thetaiotaomicron VPI-5482].
NP_809901.1	BT_0988			complement(NC_004663.1:1217557..1220208)	Mg2+ transport ATPase protein B [Bacteroides thetaiotaomicron VPI-5482].
NP_809906.1	BT_0993			complement(NC_004663.1:1225844..1229122)	beta-galactosidase [Bacteroides thetaiotaomicron VPI-5482].
NP_809922.1	BT_1009			complement(NC_004663.1:1255841..1256779)	dihydroorotate dehydrogenase 2 [Bacteroides thetaiotaomicron VPI-5482].
NP_809971.1	BT_1058			complement(NC_004663.1:1344660..1345793)	two-component system sensor histidine kinase [Bacteroides thetaiotaomicron VPI-5482].
NP_810004.1	BT_1091			complement(NC_004663.1:1378180..1380396)	cation-transporting ATPase pacS [Bacteroides thetaiotaomicron VPI-5482].
NP_810011.1	BT_1098		mgsA	complement(NC_004663.1:1385256..1385792)	methylglyoxal synthase [Bacteroides thetaiotaomicron VPI-5482].
NP_810014.1	BT_1101			complement(NC_004663.1:1389253..1391499)	sodium/proton antiporter [Bacteroides thetaiotaomicron VPI-5482].
NP_810015.1	BT_1102		pfkA	complement(NC_004663.1:1391513..1392496)	6-phosphofructokinase [Bacteroides thetaiotaomicron VPI-5482].
NP_810019.1	BT_1106			complement(NC_004663.1:1394362..1395411)	fructose-bisphosphate aldolase [Bacteroides thetaiotaomicron VPI-5482].
NP_810054.1	BT_1141			NC_004663.1:1425511..1426434	cation efflux family protein [Bacteroides thetaiotaomicron VPI-5482].
NP_810059.1	BT_1146			NC_004663.1:1429237..1429848	metallo-beta-lactamase [Bacteroides thetaiotaomicron VPI-5482].
NP_810060.1	BT_1147			NC_004663.1:1429971..1432820	glycine dehydrogenase [Bacteroides thetaiotaomicron VPI-5482].
NP_810065.1	BT_1152			complement(NC_004663.1:1437011..1437931)	D-3-phosphoglycerate dehydrogenase [Bacteroides thetaiotaomicron VPI-5482].
NP_810066.1	BT_1153			complement(NC_004663.1:1438046..1439113)	phosphoserine aminotransferase [Bacteroides thetaiotaomicron VPI-5482].
NP_810107.1	BT_1194			NC_004663.1:1490462..1491262	OmpA family outer membrane protein [Bacteroides thetaiotaomicron VPI-5482].
NP_810120.1	BT_1207			NC_004663.1:1503427..1504383	glycerate dehydrogenase [Bacteroides thetaiotaomicron VPI-5482].
NP_810122.1	BT_1209			complement(NC_004663.1:1505065..1506207)	cytochrome D ubiquinol oxidase subunit II [Bacteroides thetaiotaomicron VPI-5482].
NP_810123.1	BT_1210			complement(NC_004663.1:1506320..1507882)	cytochrome D ubiquinol oxidase subunit I [Bacteroides thetaiotaomicron VPI-5482].
NP_810133.1	BT_1220			complement(NC_004663.1:1517499..1518188)	6-phosphogluconolactonase [Bacteroides thetaiotaomicron VPI-5482].
NP_810134.1	BT_1221			complement(NC_004663.1:1518212..1519708)	glucose-6-phosphate 1-dehydrogenase [Bacteroides thetaiotaomicron VPI-5482].
NP_810135.1	BT_1222			complement(NC_004663.1:1520053..1521528)	6-phosphogluconate dehydrogenase [Bacteroides thetaiotaomicron VPI-5482].
NP_810136.1	BT_1223			NC_004663.1:1521638..1522807	Na+/H+-dicarboxylate symporter [Bacteroides thetaiotaomicron VPI-5482].
NP_810141.1	BT_1228			complement(NC_004663.1:1528929..1530923)	fructose-1,6-bisphosphatase [Bacteroides thetaiotaomicron VPI-5482].
NP_810149.1	BT_1236			complement(NC_004663.1:1537247..1538989)	2',3'-cyclic-nucleotide 2'-phosphodiesterase [Bacteroides thetaiotaomicron VPI-5482].
NP_810183.1	BT_1270			NC_004663.1:1579631..1580932	Na+/H+ antiporter [Bacteroides thetaiotaomicron VPI-5482].
NP_810186.1	BT_1273		fucI	NC_004663.1:1582840..1584615	L-fucose isomerase [Bacteroides thetaiotaomicron VPI-5482].
NP_810187.1	BT_1274			NC_004663.1:1584725..1585363	L-fuculose phosphate aldolase [Bacteroides thetaiotaomicron VPI-5482].
NP_810201.1	BT_1288			complement(NC_004663.1:1604650..1605999)	spermidine/putrescine ABC transporter [Bacteroides thetaiotaomicron VPI-5482].
NP_810202.1	BT_1289			complement(NC_004663.1:1606023..1606820)	putrescine transport system permease potI [Bacteroides thetaiotaomicron VPI-5482].
NP_810203.1	BT_1290			complement(NC_004663.1:1606814..1607590)	putrescine transport system permease potH [Bacteroides thetaiotaomicron VPI-5482].
NP_810204.1	BT_1291			complement(NC_004663.1:1607626..1609017)	spermidine/putrescine transport ATP-binding protein [Bacteroides thetaiotaomicron VPI-5482].
NP_810206.1	BT_1293			complement(NC_004663.1:1610593..1613157)	alpha-glucan phosphorylase [Bacteroides thetaiotaomicron VPI-5482].
NP_810219.1	BT_1306			complement(NC_004663.1:1625332..1626180)	ABC transporter ATP-binding protein [Bacteroides thetaiotaomicron VPI-5482].
NP_810226.1	BT_1313			complement(NC_004663.1:1637748..1638899)	muconate cycloisomerase [Bacteroides thetaiotaomicron VPI-5482].
NP_810230.1	BT_1317			complement(NC_004663.1:1642549..1643151)	riboflavin synthase subunit alpha [Bacteroides thetaiotaomicron VPI-5482].
NP_810234.1	BT_1321			complement(NC_004663.1:1646268..1647026)	phosphate ABC transporter ATP-binding protein [Bacteroides thetaiotaomicron VPI-5482].
NP_810235.1	BT_1322			complement(NC_004663.1:1647034..1647909)	ABC transporter permease [Bacteroides thetaiotaomicron VPI-5482].
NP_810236.1	BT_1323			complement(NC_004663.1:1647911..1649107)	ABC transporter permease [Bacteroides thetaiotaomicron VPI-5482].
NP_810237.1	BT_1324			NC_004663.1:1649284..1650096	phosphate ABC transporter substrate-binding protein [Bacteroides thetaiotaomicron VPI-5482].
NP_810246.1	BT_1333			NC_004663.1:1657781..1658761	dihydroorotate dehydrogenase 2 [Bacteroides thetaiotaomicron VPI-5482].
NP_810248.1	BT_1335			NC_004663.1:1660329..1661804	folylpolyglutamate synthase [Bacteroides thetaiotaomicron VPI-5482].
NP_810251.1	BT_1338			complement(NC_004663.1:1663708..1664256)	dTDP-4-dehydrorhamnose 3,5-epimerase [Bacteroides thetaiotaomicron VPI-5482].
NP_810254.1	BT_1341			complement(NC_004663.1:1666242..1667555)	UDP-glucose 6-dehydrogenase [Bacteroides thetaiotaomicron VPI-5482].
NP_810262.1	BT_1349			complement(NC_004663.1:1674535..1674981)	hypothetical protein BT_1349 [Bacteroides thetaiotaomicron VPI-5482].
NP_810264.1	BT_1351			complement(NC_004663.1:1676081..1676854)	glucose-1-phosphate cytidylyltransferase [Bacteroides thetaiotaomicron VPI-5482].
NP_810275.1	BT_1362			complement(NC_004663.1:1689941..1691143)	flavoprotein [Bacteroides thetaiotaomicron VPI-5482].
NP_810281.1	BT_1368		murB	complement(NC_004663.1:1696842..1697837)	UDP-N-acetylenolpyruvoylglucosamine reductase [Bacteroides thetaiotaomicron VPI-5482].
NP_810283.1	BT_1370			complement(NC_004663.1:1698702..1699658)	NAD dependent nucleotide-diphosphate-sugar epimerase [Bacteroides thetaiotaomicron VPI-5482].
NP_810284.1	BT_1371			NC_004663.1:1699796..1700983	2-amino-3-ketobutyrate CoA ligase [Bacteroides thetaiotaomicron VPI-5482].
NP_810287.1	BT_1374			complement(NC_004663.1:1702211..1703371)	diaminopimelate decarboxylase [Bacteroides thetaiotaomicron VPI-5482].
NP_810288.1	BT_1375			complement(NC_004663.1:1703450..1704769)	aspartokinase [Bacteroides thetaiotaomicron VPI-5482].
NP_810290.1	BT_1377			complement(NC_004663.1:1705493..1706104)	bifunctional phosphoribosyl-AMP cyclohydrolase/phosphoribosyl-ATP pyrophosphatase [Bacteroides thetaiotaomicron VPI-5482].
NP_810291.1	BT_1378			complement(NC_004663.1:1706167..1706922)	imidazole glycerol phosphate synthase subunit HisF [Bacteroides thetaiotaomicron VPI-5482].
NP_810292.1	BT_1379			complement(NC_004663.1:1707031..1707750)	phosphoribosylformimino-5-aminoimidazole carboxamide ribonucleotide isomerase [Bacteroides thetaiotaomicron VPI-5482].
NP_810294.1	BT_1381			complement(NC_004663.1:1708512..1709366)	formyltetrahydrofolate deformylase [Bacteroides thetaiotaomicron VPI-5482].
NP_810296.1	BT_1383			complement(NC_004663.1:1711067..1711903)	oxidoreductase, aldo/keto reductase [Bacteroides thetaiotaomicron VPI-5482].
NP_810311.1	BT_1398			complement(NC_004663.1:1725193..1726350)	aminotransferase [Bacteroides thetaiotaomicron VPI-5482].
NP_810316.1	BT_1403			NC_004663.1:1730769..1732526	1-deoxy-D-xylulose-5-phosphate synthase [Bacteroides thetaiotaomicron VPI-5482].
NP_810333.1	BT_1420			complement(NC_004663.1:1753097..1755253)	hypothetical protein BT_1420 [Bacteroides thetaiotaomicron VPI-5482].
NP_810345.1	BT_1432			complement(NC_004663.1:1762678..1763847)	mannonate dehydratase [Bacteroides thetaiotaomicron VPI-5482].
NP_810350.1	BT_1437			complement(NC_004663.1:1766896..1768029)	hypothetical protein BT_1437 [Bacteroides thetaiotaomicron VPI-5482].
NP_810351.1	BT_1438			NC_004663.1:1767917..1769335	membrane efflux protein [Bacteroides thetaiotaomicron VPI-5482].
NP_810361.1	BT_1448			complement(NC_004663.1:1783606..1784130)	biotin carboxyl carrier protein [Bacteroides thetaiotaomicron VPI-5482].
NP_810363.1	BT_1450			complement(NC_004663.1:1785763..1787307)	propionyl-CoA carboxylase subunit beta [Bacteroides thetaiotaomicron VPI-5482].
NP_810366.1	BT_1453			NC_004663.1:1789860..1791359	L-lactate permease [Bacteroides thetaiotaomicron VPI-5482].
NP_810369.1	BT_1456			NC_004663.1:1794185..1794658	thioredoxin [Bacteroides thetaiotaomicron VPI-5482].
NP_810382.1	BT_1469			NC_004663.1:1810150..1811511	two-component system response regulator [Bacteroides thetaiotaomicron VPI-5482].
NP_810389.1	BT_1476			complement(NC_004663.1:1818599..1819798)	aspartate aminotransferase [Bacteroides thetaiotaomicron VPI-5482].
NP_810405.1	BT_1492		tnaA	NC_004663.1:1841886..1843265	tryptophanase [Bacteroides thetaiotaomicron VPI-5482].
NP_810424.1	BT_1511			complement(NC_004663.1:1864461..1865555)	outer membrane protein OmpA [Bacteroides thetaiotaomicron VPI-5482].
NP_810438.1	BT_1525			complement(NC_004663.1:1879378..1879857)	phosphatidylglycerophosphatase A [Bacteroides thetaiotaomicron VPI-5482].
NP_810439.1	BT_1526			complement(NC_004663.1:1880007..1881296)	myo-inositol-1-phosphate synthase [Bacteroides thetaiotaomicron VPI-5482].
NP_810450.1	BT_1537			complement(NC_004663.1:1896554..1897945)	NADH dehydrogenase [Bacteroides thetaiotaomicron VPI-5482].
NP_810452.1	BT_1539			NC_004663.1:1899104..1899499	cytidine deaminase [Bacteroides thetaiotaomicron VPI-5482].
NP_810455.1	BT_1542			NC_004663.1:1901116..1902489	pyridine nucleotide-disulfide oxidoreductase [Bacteroides thetaiotaomicron VPI-5482].
NP_810457.1	BT_1544			NC_004663.1:1904740..1905528	NADH pyrophosphatase [Bacteroides thetaiotaomicron VPI-5482].
NP_810461.1	BT_1548			complement(NC_004663.1:1908723..1910468)	phosphoglucomutase phosphomannomutase [Bacteroides thetaiotaomicron VPI-5482].
NP_810467.1	BT_1554			NC_004663.1:1921568..1922674	alanine dehydrogenase [Bacteroides thetaiotaomicron VPI-5482].
NP_810468.1	BT_1555			complement(NC_004663.1:1922759..1923694)	dioxygenase, related to 2-nitropropane dioxygenase [Bacteroides thetaiotaomicron VPI-5482].
NP_810473.1	BT_1560			complement(NC_004663.1:1926988..1927836)	nicotinate-nucleotide pyrophosphorylase [Bacteroides thetaiotaomicron VPI-5482].
NP_810477.1	BT_1564			complement(NC_004663.1:1929521..1929976)	7-cyano-7-deazaguanine reductase [Bacteroides thetaiotaomicron VPI-5482].
NP_810488.1	BT_1575			NC_004663.1:1939570..1940571	D-lactate dehydrogenase [Bacteroides thetaiotaomicron VPI-5482].
NP_810490.1	BT_1577			NC_004663.1:1941371..1942012	pyridoxamine 5'-phosphate oxidase [Bacteroides thetaiotaomicron VPI-5482].
NP_810493.1	BT_1580			NC_004663.1:1943974..1944354	lactoylglutathione lyase [Bacteroides thetaiotaomicron VPI-5482].
NP_810505.1	BT_1592			complement(NC_004663.1:1955928..1958414)	ferrous iron transport protein [Bacteroides thetaiotaomicron VPI-5482].
NP_810511.1	BT_1598			NC_004663.1:1966976..1968943	two-component system sensor histidine kinase [Bacteroides thetaiotaomicron VPI-5482].
NP_810519.1	BT_1606			NC_004663.1:1976791..1978173	cytochrome C peroxidase [Bacteroides thetaiotaomicron VPI-5482].
NP_810520.1	BT_1607			NC_004663.1:1978425..1979306	bifunctional 5,10-methylene-tetrahydrofolate dehydrogenase/ 5,10-methylene-tetrahydrofolate cyclohydrolase [Bacteroides thetaiotaomicron VPI-5482].
NP_810528.1	BT_1615			NC_004663.1:1984781..1986331	aminoacyl-histidine dipeptidase [Bacteroides thetaiotaomicron VPI-5482].
NP_810546.1	BT_1633			complement(NC_004663.1:2019352..2020095)	mannose-1-phosphate guanylyltransferase [Bacteroides thetaiotaomicron VPI-5482].
NP_810564.1	BT_1651			complement(NC_004663.1:2040648..2042009)	pyrophosphorylase [Bacteroides thetaiotaomicron VPI-5482].
NP_810571.1	BT_1658			complement(NC_004663.1:2049450..2050106)	translaldolase [Bacteroides thetaiotaomicron VPI-5482].
NP_810573.1	BT_1660		gpmA	complement(NC_004663.1:2051277..2052023)	phosphoglyceromutase [Bacteroides thetaiotaomicron VPI-5482].
NP_810585.1	BT_1672		pgk	NC_004663.1:2064359..2065618	phosphoglycerate kinase [Bacteroides thetaiotaomicron VPI-5482].
NP_810590.1	BT_1677			complement(NC_004663.1:2070593..2071114)	hydrolase [Bacteroides thetaiotaomicron VPI-5482].
NP_810594.1	BT_1681			complement(NC_004663.1:2073170..2073712)	carbonic anhydrase [Bacteroides thetaiotaomicron VPI-5482].
NP_810598.1	BT_1685			NC_004663.1:2080481..2080885	lactoylglutathione lyase and-like protein [Bacteroides thetaiotaomicron VPI-5482].
NP_810601.1	BT_1688			NC_004663.1:2083446..2083880	biotin carboxyl carrier protein [Bacteroides thetaiotaomicron VPI-5482].
NP_810604.1	BT_1691			complement(NC_004663.1:2086631..2087635)	fructose-bisphosphate aldolase [Bacteroides thetaiotaomicron VPI-5482].
NP_810610.1	BT_1697			complement(NC_004663.1:2095697..2097526)	pyruvate carboxylase subunit B [Bacteroides thetaiotaomicron VPI-5482].
NP_810631.1	BT_1718			complement(NC_004663.1:2115309..2116430)	2-aminoethylphosphonate pyruvate aminotransferase [Bacteroides thetaiotaomicron VPI-5482].
NP_810642.1	BT_1729			complement(NC_004663.1:2127615..2129213)	peptide chain release factor 3 [Bacteroides thetaiotaomicron VPI-5482].
NP_810643.1	BT_1730			complement(NC_004663.1:2129195..2130043)	dTDP-4-dehydrorhamnose reductase [Bacteroides thetaiotaomicron VPI-5482].
NP_810646.1	BT_1733			NC_004663.1:2131384..2135088	phosphoribosylformylglycinamidine synthase [Bacteroides thetaiotaomicron VPI-5482].
NP_810660.1	BT_1747			NC_004663.1:2155855..2159412	pyruvate-flavodoxin oxidoreductase [Bacteroides thetaiotaomicron VPI-5482].
NP_810662.1	BT_1749			complement(NC_004663.1:2159736..2160569)	glycine betaine-binding protein [Bacteroides thetaiotaomicron VPI-5482].
NP_810663.1	BT_1750			complement(NC_004663.1:2160624..2161454)	glycine betaine/L-proline transport system permease [Bacteroides thetaiotaomicron VPI-5482].
NP_810664.1	BT_1751			complement(NC_004663.1:2161451..2162677)	glycine betaine transport ATP-binding protein [Bacteroides thetaiotaomicron VPI-5482].
NP_810667.1	BT_1754			complement(NC_004663.1:2164759..2167524)	two-component system sensor histidine kinase/response regulator [Bacteroides thetaiotaomicron VPI-5482].
NP_810670.1	BT_1757			complement(NC_004663.1:2170630..2171517)	fructokinase [Bacteroides thetaiotaomicron VPI-5482].
NP_810673.1	BT_1760			complement(NC_004663.1:2174963..2176534)	glycosylhydrolase [Bacteroides thetaiotaomicron VPI-5482].
NP_810696.1	BT_1783			complement(NC_004663.1:2228777..2231002)	cation/H+ antiporter [Bacteroides thetaiotaomicron VPI-5482].
NP_810719.1	BT_1806			NC_004663.1:2263737..2265443	acyl-CoA dehydrogenase [Bacteroides thetaiotaomicron VPI-5482].
NP_810726.1	BT_1813			complement(NC_004663.1:2274992..2276695)	hypothetical protein BT_1813 [Bacteroides thetaiotaomicron VPI-5482].
NP_810728.1	BT_1815			complement(NC_004663.1:2277969..2278982)	low-specificity L-threonine aldolase [Bacteroides thetaiotaomicron VPI-5482].
NP_810733.1	BT_1820			NC_004663.1:2281079..2282167	pyruvate dehydrogenase, partial [Bacteroides thetaiotaomicron VPI-5482].
NP_810748.1	BT_1835			NC_004663.1:2302568..2303605	biotin synthase [Bacteroides thetaiotaomicron VPI-5482].
NP_810749.1	BT_1836		thiH	NC_004663.1:2303610..2305028	thiamine biosynthesis protein ThiH [Bacteroides thetaiotaomicron VPI-5482].
NP_810756.1	BT_1843			complement(NC_004663.1:2314782..2316053)	adenylosuccinate synthetase [Bacteroides thetaiotaomicron VPI-5482].
NP_810761.1	BT_1848			NC_004663.1:2320195..2322057	ATP-dependent DNA helicase RecQ [Bacteroides thetaiotaomicron VPI-5482].
NP_810765.1	BT_1852			complement(NC_004663.1:2324172..2325125)	cysteine synthase A [Bacteroides thetaiotaomicron VPI-5482].
NP_810770.1	BT_1857			complement(NC_004663.1:2329929..2330990)	3-isopropylmalate dehydrogenase [Bacteroides thetaiotaomicron VPI-5482].
NP_810771.1	BT_1858			complement(NC_004663.1:2331081..2332580)	2-isopropylmalate synthase [Bacteroides thetaiotaomicron VPI-5482].
NP_810772.1	BT_1859			complement(NC_004663.1:2332586..2333188)	3-isopropylmalate dehydratase small subunit [Bacteroides thetaiotaomicron VPI-5482].
NP_810773.1	BT_1860			complement(NC_004663.1:2333231..2334625)	isopropylmalate isomerase large subunit [Bacteroides thetaiotaomicron VPI-5482].
NP_810774.1	BT_1861			complement(NC_004663.1:2334703..2336199)	2-isopropylmalate synthase [Bacteroides thetaiotaomicron VPI-5482].
NP_810792.1	BT_1879			NC_004663.1:2365261..2367039	endopeptidase IV [Bacteroides thetaiotaomicron VPI-5482].
NP_810793.1	BT_1880			NC_004663.1:2367050..2368192	tetraacyldisaccharide 4'-kinase [Bacteroides thetaiotaomicron VPI-5482].
NP_810794.1	BT_1881			NC_004663.1:2368131..2368940	purine nucleoside phosphorylase [Bacteroides thetaiotaomicron VPI-5482].
NP_810795.1	BT_1882			NC_004663.1:2368956..2369990	thiamine-monophosphate kinase [Bacteroides thetaiotaomicron VPI-5482].
NP_810797.1	BT_1884			complement(NC_004663.1:2371809..2372267)	cold shock protein [Bacteroides thetaiotaomicron VPI-5482].
NP_810815.1	BT_1902			NC_004663.1:2392014..2392814	pyrroline-5-carboxylate reductase [Bacteroides thetaiotaomicron VPI-5482].
NP_810826.1	BT_1913			NC_004663.1:2401760..2402929	nicotinate phosphoribosyltransferase [Bacteroides thetaiotaomicron VPI-5482].
NP_810828.1	BT_1915			NC_004663.1:2403998..2405509	pyruvate carboxylase subunit A [Bacteroides thetaiotaomicron VPI-5482].
NP_810836.1	BT_1923			NC_004663.1:2412202..2413482	O-acetylhomoserine (thiol)-lyase [Bacteroides thetaiotaomicron VPI-5482].
NP_810882.1	BT_1969			NC_004663.1:2472243..2474534	malic enzyme [Bacteroides thetaiotaomicron VPI-5482].
NP_810883.1	BT_1970			NC_004663.1:2474872..2476206	glutamate dehydrogenase [Bacteroides thetaiotaomicron VPI-5482].
NP_810884.1	BT_1971			NC_004663.1:2476610..2478076	catalase [Bacteroides thetaiotaomicron VPI-5482].
NP_810888.1	BT_1975			complement(NC_004663.1:2484488..2485996)	tRNA nucleotidyltransferase [Bacteroides thetaiotaomicron VPI-5482].
NP_810899.1	BT_1986			NC_004663.1:2494470..2495171	ribose 5-phosphate isomerase [Bacteroides thetaiotaomicron VPI-5482].
NP_810911.1	BT_1998			NC_004663.1:2511803..2514196	anaerobic ribonucleoside triphosphate reductase [Bacteroides thetaiotaomicron VPI-5482].
NP_810915.1	BT_2002			complement(NC_004663.1:2518622..2519794)	1-deoxy-D-xylulose 5-phosphate reductoisomerase [Bacteroides thetaiotaomicron VPI-5482].
NP_810918.1	BT_2005			complement(NC_004663.1:2521264..2522568)	UDP-N-acetylglucosamine 1-carboxyvinyltransferase [Bacteroides thetaiotaomicron VPI-5482].
NP_810922.1	BT_2009		gmk	NC_004663.1:2525126..2525740	guanylate kinase [Bacteroides thetaiotaomicron VPI-5482].
NP_810924.1	BT_2011		nadD	NC_004663.1:2526087..2526695	nicotinic acid mononucleotide adenylyltransferase [Bacteroides thetaiotaomicron VPI-5482].
NP_810927.1	BT_2014			NC_004663.1:2529269..2529832	1,4-dihydroxy-2-naphthoate octaprenyltransferase [Bacteroides thetaiotaomicron VPI-5482].
NP_810929.1	BT_2016			complement(NC_004663.1:2530168..2531304)	dTDP-glucose 4,6-dehydratase [Bacteroides thetaiotaomicron VPI-5482].
NP_810930.1	BT_2017			complement(NC_004663.1:2531321..2532196)	glucose-1-phosphate thymidylyltransferase [Bacteroides thetaiotaomicron VPI-5482].
NP_810960.1	BT_2047		thyA	NC_004663.1:2568918..2569712	thymidylate synthase [Bacteroides thetaiotaomicron VPI-5482].
NP_810961.1	BT_2048			NC_004663.1:2569717..2570211	dihydrofolate reductase [Bacteroides thetaiotaomicron VPI-5482].
NP_810971.1	BT_2058			complement(NC_004663.1:2577222..2578196)	isoprenyl synthetase [Bacteroides thetaiotaomicron VPI-5482].
NP_810973.1	BT_2060		cmk	NC_004663.1:2579173..2579862	cytidylate kinase [Bacteroides thetaiotaomicron VPI-5482].
NP_810974.1	BT_2061		ispH	NC_004663.1:2579881..2580750	4-hydroxy-3-methylbut-2-enyl diphosphate reductase [Bacteroides thetaiotaomicron VPI-5482].
NP_810975.1	BT_2062		pfkA	NC_004663.1:2580879..2581859	6-phosphofructokinase [Bacteroides thetaiotaomicron VPI-5482].
NP_810980.1	BT_2067			complement(NC_004663.1:2588329..2589552)	NADH:flavin oxidoreductase [Bacteroides thetaiotaomicron VPI-5482].
NP_810983.2	BT_2070			complement(NC_004663.1:2591718..2593022)	citrate synthase [Bacteroides thetaiotaomicron VPI-5482].
NP_810984.1	BT_2071			complement(NC_004663.1:2593087..2594277)	isocitrate dehydrogenase [Bacteroides thetaiotaomicron VPI-5482].
NP_810985.1	BT_2072			complement(NC_004663.1:2594292..2596535)	aconitate hydratase [Bacteroides thetaiotaomicron VPI-5482].
NP_810989.1	BT_2076			complement(NC_004663.1:2600932..2601495)	acetohydroxyacid synthase small subunit [Bacteroides thetaiotaomicron VPI-5482].
NP_810990.1	BT_2077			complement(NC_004663.1:2601514..2603211)	acetolactate synthase large subunit [Bacteroides thetaiotaomicron VPI-5482].
NP_810991.1	BT_2078			complement(NC_004663.1:2603259..2605061)	dihydroxy-acid dehydratase [Bacteroides thetaiotaomicron VPI-5482].
NP_810997.1	BT_2084			NC_004663.1:2610365..2611441	chorismate synthase [Bacteroides thetaiotaomicron VPI-5482].
NP_811003.1	BT_2090			complement(NC_004663.1:2618135..2620282)	methylmalonyl-CoA mutase [Bacteroides thetaiotaomicron VPI-5482].
NP_811004.1	BT_2091			complement(NC_004663.1:2620284..2622185)	methylmalonyl-CoA mutase small subunit [Bacteroides thetaiotaomicron VPI-5482].
NP_811016.1	BT_2103			complement(NC_004663.1:2637169..2637903)	transcriptional regulator [Bacteroides thetaiotaomicron VPI-5482].
NP_811017.1	BT_2104			NC_004663.1:2638033..2640726	transcriptional repressor [Bacteroides thetaiotaomicron VPI-5482].
NP_811035.1	BT_2122		lysS	NC_004663.1:2671083..2672813	lysyl-tRNA synthetase [Bacteroides thetaiotaomicron VPI-5482].
NP_811036.1	BT_2123			NC_004663.1:2672866..2673903	glycerol-3-phosphate dehydrogenase [Bacteroides thetaiotaomicron VPI-5482].
NP_811037.1	BT_2124		pgi	NC_004663.1:2674035..2675372	glucose-6-phosphate isomerase [Bacteroides thetaiotaomicron VPI-5482].
NP_811040.1	BT_2127			NC_004663.1:2677005..2677679	beta-phosphoglucomutase [Bacteroides thetaiotaomicron VPI-5482].
NP_811042.1	BT_2129			NC_004663.1:2680909..2681946	asparagine synthetase AsnA [Bacteroides thetaiotaomicron VPI-5482].
NP_811054.1	BT_2141			NC_004663.1:2694941..2696203	N-acetylmuramoyl-L-alanine amidase [Bacteroides thetaiotaomicron VPI-5482].
NP_811057.1	BT_2144			complement(NC_004663.1:2698955..2699692)	oxidoreductase [Bacteroides thetaiotaomicron VPI-5482].
NP_811058.1	BT_2145			NC_004663.1:2700124..2702514	ribonucleoside-diphosphate reductase subunit alpha [Bacteroides thetaiotaomicron VPI-5482].
NP_811059.1	BT_2146			NC_004663.1:2702646..2705327	4-alpha-glucanotransferase [Bacteroides thetaiotaomicron VPI-5482].
NP_811061.1	BT_2148			NC_004663.1:2706648..2707619	glycosyltransferase [Bacteroides thetaiotaomicron VPI-5482].
NP_811062.1	BT_2149			NC_004663.1:2707763..2708131	dihydroneopterin aldolase [Bacteroides thetaiotaomicron VPI-5482].
NP_811065.1	BT_2152			complement(NC_004663.1:2710021..2710875)	acetyltransferase [Bacteroides thetaiotaomicron VPI-5482].
NP_811099.1	BT_2186			NC_004663.1:2743993..2745225	3-phosphoshikimate 1-carboxyvinyltransferase [Bacteroides thetaiotaomicron VPI-5482].
NP_811119.1	BT_2206			NC_004663.1:2776605..2777414	Zinc ABC transporter permease [Bacteroides thetaiotaomicron VPI-5482].
NP_811142.1	BT_2229			complement(NC_004663.1:2796926..2797240)	thioredoxin [Bacteroides thetaiotaomicron VPI-5482].
NP_811144.1	BT_2231			NC_004663.1:2801274..2801960	phosphatidylserine decarboxylase [Bacteroides thetaiotaomicron VPI-5482].
NP_811145.1	BT_2232			NC_004663.1:2801971..2802678	CDP-diacylglycerol--serine O-phosphatidyltransferase [Bacteroides thetaiotaomicron VPI-5482].
NP_811147.1	BT_2234			complement(NC_004663.1:2803099..2803542)	cytosine/adenosine deaminase [Bacteroides thetaiotaomicron VPI-5482].
NP_811155.1	BT_2242		pyrH	NC_004663.1:2809357..2810067	uridylate kinase [Bacteroides thetaiotaomicron VPI-5482].
NP_811163.1	BT_2250			NC_004663.1:2819243..2820175	ribosome-associated GTPase [Bacteroides thetaiotaomicron VPI-5482].
NP_811169.1	BT_2256			complement(NC_004663.1:2828639..2830273)	fumarate hydratase class I, anaerobic [Bacteroides thetaiotaomicron VPI-5482].
NP_811184.1	BT_2271			complement(NC_004663.1:2852433..2853125)	haloacid dehalogenase [Bacteroides thetaiotaomicron VPI-5482].
NP_811188.1	BT_2275			NC_004663.1:2855659..2856258	thymidine kinase [Bacteroides thetaiotaomicron VPI-5482].
NP_811224.1	BT_2311			complement(NC_004663.1:2885216..2886490)	hypothetical protein BT_2311 [Bacteroides thetaiotaomicron VPI-5482].
NP_811293.1	BT_2380			NC_004663.1:2968734..2969456	oxidoreductase [Bacteroides thetaiotaomicron VPI-5482].
NP_811300.1	BT_2387			NC_004663.1:2974938..2976224	O-acetylhomoserine (thiol)-lyase [Bacteroides thetaiotaomicron VPI-5482].
NP_811309.1	BT_2396			NC_004663.1:2992215..2992781	membrane transporter involved in nicotinamide mononucleotide transport [Bacteroides thetaiotaomicron VPI-5482].
NP_811314.1	BT_2401			complement(NC_004663.1:2996511..2997812)	threonine synthase [Bacteroides thetaiotaomicron VPI-5482].
NP_811315.1	BT_2402			complement(NC_004663.1:2997809..2999032)	cofactor-independent phosphoglycerate mutase [Bacteroides thetaiotaomicron VPI-5482].
NP_811316.1	BT_2403		thrA	complement(NC_004663.1:2999048..3001483)	bifunctional aspartokinase I/homoserine dehydrogenase I [Bacteroides thetaiotaomicron VPI-5482].
NP_811326.1	BT_2413			complement(NC_004663.1:3014212..3015129)	homoserine O-succinyltransferase [Bacteroides thetaiotaomicron VPI-5482].
NP_811328.1	BT_2415			complement(NC_004663.1:3015626..3016819)	aspartate aminotransferase [Bacteroides thetaiotaomicron VPI-5482].
NP_811329.1	BT_2416			complement(NC_004663.1:3016902..3018116)	GTP cyclohydrolase II [Bacteroides thetaiotaomicron VPI-5482].
NP_811343.1	BT_2430			NC_004663.1:3040198..3041406	hexokinase type III [Bacteroides thetaiotaomicron VPI-5482].
NP_811346.1	BT_2433			complement(NC_004663.1:3046175..3047515)	two-component system response regulator [Bacteroides thetaiotaomicron VPI-5482].
NP_811347.1	BT_2434			NC_004663.1:3047643..3050123	pyridine nucleotide-disulfide oxidoreductase [Bacteroides thetaiotaomicron VPI-5482].
NP_811353.1	BT_2440			complement(NC_004663.1:3056406..3057293)	5'-nucleotidase [Bacteroides thetaiotaomicron VPI-5482].
NP_811354.1	BT_2441			complement(NC_004663.1:3057329..3058165)	5'-nucleotidase [Bacteroides thetaiotaomicron VPI-5482].
NP_811355.1	BT_2442			complement(NC_004663.1:3058607..3059701)	major outer membrane protein OmpA [Bacteroides thetaiotaomicron VPI-5482].
NP_811371.1	BT_2458			complement(NC_004663.1:3074682..3076562)	pyridine nucleotide-disulfide oxidoreductase [Bacteroides thetaiotaomicron VPI-5482].
NP_811406.1	BT_2493			complement(NC_004663.1:3115362..3116342)	ROK family transcriptional repressor [Bacteroides thetaiotaomicron VPI-5482].
NP_811412.1	BT_2499			NC_004663.1:3122545..3123573	bifunctional methionine sulfoxide reductase A/B [Bacteroides thetaiotaomicron VPI-5482].
NP_811414.1	BT_2501			NC_004663.1:3124539..3126488	penicillin-binding protein [Bacteroides thetaiotaomicron VPI-5482].
NP_811425.1	BT_2512			complement(NC_004663.1:3135864..3137822)	cation-transporting ATPase [Bacteroides thetaiotaomicron VPI-5482].
NP_811430.1	BT_2517			complement(NC_004663.1:3141356..3143197)	4-hydroxy-3-methylbut-2-en-1-yl diphosphate synthase [Bacteroides thetaiotaomicron VPI-5482].
NP_811431.1	BT_2518			complement(NC_004663.1:3143198..3143713)	phosphoribosylaminoimidazole carboxylase [Bacteroides thetaiotaomicron VPI-5482].
NP_811432.1	BT_2519			complement(NC_004663.1:3143795..3144175)	glycine cleavage system protein H [Bacteroides thetaiotaomicron VPI-5482].
NP_811440.1	BT_2527			complement(NC_004663.1:3156436..3158109)	uridine kinase [Bacteroides thetaiotaomicron VPI-5482].
NP_811441.1	BT_2528			NC_004663.1:3158197..3159894	Na+-dependent phosphate transporter [Bacteroides thetaiotaomicron VPI-5482].
NP_811452.1	BT_2539			complement(NC_004663.1:3172165..3172329)	rubredoxin [Bacteroides thetaiotaomicron VPI-5482].
NP_811454.1	BT_2541			NC_004663.1:3173813..3176503	calcium-transporting ATPase [Bacteroides thetaiotaomicron VPI-5482].
NP_811456.1	BT_2543			NC_004663.1:3177145..3178107	riboflavin biosynthesis protein RibF [Bacteroides thetaiotaomicron VPI-5482].
NP_811462.1	BT_2549			complement(NC_004663.1:3181823..3182731)	carboxypeptidase [Bacteroides thetaiotaomicron VPI-5482].
NP_811464.1	BT_2551			NC_004663.1:3183728..3184672	phosphate butyryltransferase [Bacteroides thetaiotaomicron VPI-5482].
NP_811465.1	BT_2552			NC_004663.1:3184703..3185764	butyrate kinase [Bacteroides thetaiotaomicron VPI-5482].
NP_811483.1	BT_2570			NC_004663.1:3207526..3208971	glutamate decarboxylase [Bacteroides thetaiotaomicron VPI-5482].
NP_811484.1	BT_2571			NC_004663.1:3208980..3209945	glutaminase [Bacteroides thetaiotaomicron VPI-5482].
NP_811486.1	BT_2573			NC_004663.1:3211163..3212875	glutamate/gamma-aminobutyrate anti-porter [Bacteroides thetaiotaomicron VPI-5482].
NP_811535.1	BT_2622			complement(NC_004663.1:3266202..3268370)	alpha-glucuronidase [Bacteroides thetaiotaomicron VPI-5482].
NP_811591.1	BT_2679			complement(NC_004663.1:3336916..3337923)	ion-channel protein [Bacteroides thetaiotaomicron VPI-5482].
NP_811602.1	BT_2690			complement(NC_004663.1:3352437..3353936)	histidine ammonia-lyase [Bacteroides thetaiotaomicron VPI-5482].
NP_811603.1	BT_2691			complement(NC_004663.1:3353933..3354562)	methenyltetrahydrofolate cyclohydrolase [Bacteroides thetaiotaomicron VPI-5482].
NP_811604.1	BT_2692			complement(NC_004663.1:3354584..3355837)	imidazolonepropionase [Bacteroides thetaiotaomicron VPI-5482].
NP_811605.1	BT_2693			complement(NC_004663.1:3355935..3356837)	formiminotransferase-cyclodeaminase [Bacteroides thetaiotaomicron VPI-5482].
NP_811606.1	BT_2694			complement(NC_004663.1:3356866..3358857)	urocanate hydratase [Bacteroides thetaiotaomicron VPI-5482].
NP_811652.1	BT_2740		tuf	complement(NC_004663.1:3393922..3395106)	elongation factor Tu [Bacteroides thetaiotaomicron VPI-5482].
NP_811659.1	BT_2747			complement(NC_004663.1:3403559..3404782)	3-deoxy-D-manno-octulosonic-acid transferase [Bacteroides thetaiotaomicron VPI-5482].
NP_811662.1	BT_2750			complement(NC_004663.1:3408455..3408925)	protein-tyrosine-phosphatase [Bacteroides thetaiotaomicron VPI-5482].
NP_811667.1	BT_2755		aspA	complement(NC_004663.1:3415335..3416795)	aspartate ammonia-lyase [Bacteroides thetaiotaomicron VPI-5482].
NP_811668.1	BT_2756			NC_004663.1:3416948..3418258	anaerobic C4-dicarboxylate transporter [Bacteroides thetaiotaomicron VPI-5482].
NP_811669.1	BT_2757		ansB	NC_004663.1:3418288..3419346	L-asparaginase II [Bacteroides thetaiotaomicron VPI-5482].
NP_811693.1	BT_2781			NC_004663.1:3448893..3449975	mannose-1-phosphate guanylyltransferase [Bacteroides thetaiotaomicron VPI-5482].
NP_811694.1	BT_2782			complement(NC_004663.1:3450064..3451713)	AMP-binding protein [Bacteroides thetaiotaomicron VPI-5482].
NP_811702.1	BT_2790			complement(NC_004663.1:3459741..3461348)	phosphoenolpyruvate carboxykinase [Bacteroides thetaiotaomicron VPI-5482].
NP_811703.1	BT_2791		upp	NC_004663.1:3461630..3462283	uracil phosphoribosyltransferase [Bacteroides thetaiotaomicron VPI-5482].
NP_811706.1	BT_2794			complement(NC_004663.1:3464845..3465936)	multidrug resistance protein [Bacteroides thetaiotaomicron VPI-5482].
NP_811709.1	BT_2797			complement(NC_004663.1:3470274..3471704)	S-adenosyl-L-homocysteine hydrolase [Bacteroides thetaiotaomicron VPI-5482].
NP_811711.1	BT_2799			complement(NC_004663.1:3473626..3474615)	PfkB family carbohydrate kinase [Bacteroides thetaiotaomicron VPI-5482].
NP_811713.1	BT_2801			complement(NC_004663.1:3476031..3476834)	inositol monophosphatase [Bacteroides thetaiotaomicron VPI-5482].
NP_811715.1	BT_2803			NC_004663.1:3478877..3479842	ribokinase [Bacteroides thetaiotaomicron VPI-5482].
NP_811716.1	BT_2804			NC_004663.1:3479882..3480817	ribokinase [Bacteroides thetaiotaomicron VPI-5482].
NP_811717.1	BT_2805			NC_004663.1:3480830..3484081	hypothetical protein BT_2805 [Bacteroides thetaiotaomicron VPI-5482].
NP_811723.1	BT_2811			complement(NC_004663.1:3491839..3493410)	alkyl hydroperoxide reductase [Bacteroides thetaiotaomicron VPI-5482].
NP_811724.1	BT_2812			complement(NC_004663.1:3493475..3494041)	alkyl hydroperoxide reductase [Bacteroides thetaiotaomicron VPI-5482].
NP_811725.1	BT_2813			complement(NC_004663.1:3494224..3495693)	sodium-dependent multivitamin transporter [Bacteroides thetaiotaomicron VPI-5482].
NP_811726.1	BT_2814			complement(NC_004663.1:3495718..3496647)	dihydrodipicolinate synthase [Bacteroides thetaiotaomicron VPI-5482].
NP_811727.1	BT_2815			NC_004663.1:3496796..3497320	mutT family protein [Bacteroides thetaiotaomicron VPI-5482].
NP_811748.1	BT_2836			NC_004663.1:3537850..3539700	2-oxoglutarate synthase subunit korA [Bacteroides thetaiotaomicron VPI-5482].
NP_811749.1	BT_2837			NC_004663.1:3539704..3540714	2-oxoglutarate ferredoxin oxidoreductase subunit beta [Bacteroides thetaiotaomicron VPI-5482].
NP_811753.1	BT_2841			complement(NC_004663.1:3543132..3544589)	pyruvate kinase [Bacteroides thetaiotaomicron VPI-5482].
NP_811754.1	BT_2842			complement(NC_004663.1:3544621..3545043)	3-dehydroquinate dehydratase [Bacteroides thetaiotaomicron VPI-5482].
NP_811761.1	BT_2849			NC_004663.1:3554147..3555160	aldose 1-epimerase [Bacteroides thetaiotaomicron VPI-5482].
NP_811763.1	BT_2851			complement(NC_004663.1:3557328..3559493)	alpha-galactosidase [Bacteroides thetaiotaomicron VPI-5482].
NP_811793.1	BT_2881			complement(NC_004663.1:3601234..3601950)	2-C-methyl-D-erythritol 4-phosphate cytidylyltransferase [Bacteroides thetaiotaomicron VPI-5482].
NP_811795.1	BT_2883			complement(NC_004663.1:3603002..3603586)	phosphoribosylglycinamide formyltransferase [Bacteroides thetaiotaomicron VPI-5482].
NP_811835.1	BT_2923			complement(NC_004663.1:3669244..3673260)	two-component system sensor histidine kinase/response regulator [Bacteroides thetaiotaomicron VPI-5482].
NP_811848.1	BT_2936			NC_004663.1:3693238..3694437	glycosyltransferase [Bacteroides thetaiotaomicron VPI-5482].
NP_811919.1	BT_3007			NC_004663.1:3795611..3796489	D-alanyl-D-alanine dipeptidase [Bacteroides thetaiotaomicron VPI-5482].
NP_811931.1	BT_3019			NC_004663.1:3818218..3819204	Na+/Ca2+ exchanger protein, cation antiporter [Bacteroides thetaiotaomicron VPI-5482].
NP_811946.1	BT_3034		coaD	NC_004663.1:3841888..3842343	phosphopantetheine adenylyltransferase [Bacteroides thetaiotaomicron VPI-5482].
NP_811963.1	BT_3051			NC_004663.1:3869864..3871420	mucin-desulfating sulfatase [Bacteroides thetaiotaomicron VPI-5482].
NP_811965.1	BT_3053			NC_004663.1:3873167..3873871	cytochrome subunit B [Bacteroides thetaiotaomicron VPI-5482].
NP_811966.1	BT_3054		sdhA	NC_004663.1:3873909..3875888	succinate dehydrogenase flavoprotein subunit [Bacteroides thetaiotaomicron VPI-5482].
NP_811967.1	BT_3055			NC_004663.1:3875925..3876680	succinate dehydrogenase/fumarate reductase iron-sulfur subunit [Bacteroides thetaiotaomicron VPI-5482].
NP_811981.1	BT_3069			complement(NC_004663.1:3892910..3894160)	disulfide-isomerase [Bacteroides thetaiotaomicron VPI-5482].
NP_811992.1	BT_3080			complement(NC_004663.1:3905175..3906122)	cysteine synthase A [Bacteroides thetaiotaomicron VPI-5482].
NP_811998.1	BT_3086			complement(NC_004663.1:3913435..3915939)	alpha-glucosidase [Bacteroides thetaiotaomicron VPI-5482].
NP_812008.1	BT_3096			complement(NC_004663.1:3932466..3934595)	alpha-L-arabinofuranosidase [Bacteroides thetaiotaomicron VPI-5482].
NP_812025.1	BT_3113			NC_004663.1:3961873..3963015	MFS transport protein AraJ [Bacteroides thetaiotaomicron VPI-5482].
NP_812027.1	BT_3115			NC_004663.1:3967116..3970436	proline dehydrogenase [Bacteroides thetaiotaomicron VPI-5482].
NP_812033.1	BT_3121			complement(NC_004663.1:3976416..3979004)	DNA mismatch repair protein MutS [Bacteroides thetaiotaomicron VPI-5482].
NP_812035.1	BT_3123			complement(NC_004663.1:3980272..3981147)	hypothetical protein BT_3123 [Bacteroides thetaiotaomicron VPI-5482].
NP_812040.1	BT_3128			NC_004663.1:3987868..3988449	deoxyribonucleoside-triphosphatase [Bacteroides thetaiotaomicron VPI-5482].
NP_812041.1	BT_3129			NC_004663.1:3988611..3989453	flagellar motor protein MotB [Bacteroides thetaiotaomicron VPI-5482].
NP_812074.1	BT_3162			NC_004663.1:4031331..4032236	glycerophosphoryl diester phosphodiesterase [Bacteroides thetaiotaomicron VPI-5482].
NP_812076.1	BT_3164			complement(NC_004663.1:4034454..4035392)	quinolinate synthetase [Bacteroides thetaiotaomicron VPI-5482].
NP_812093.1	BT_3181			complement(NC_004663.1:4069875..4071554)	sulfate transporter, permease [Bacteroides thetaiotaomicron VPI-5482].
NP_812098.1	BT_3186			NC_004663.1:4074820..4076163	dihydrolipoamide dehydrogenase [Bacteroides thetaiotaomicron VPI-5482].
NP_812099.1	BT_3187			NC_004663.1:4076253..4077659	penicillin-binding protein D-alanyl-D-alanine carboxypeptidase [Bacteroides thetaiotaomicron VPI-5482].
NP_812105.1	BT_3193			complement(NC_004663.1:4082312..4083811)	coenzyme A transferase [Bacteroides thetaiotaomicron VPI-5482].
NP_812124.1	BT_3212			NC_004663.1:4104984..4105778	bacitracin resistance protein [Bacteroides thetaiotaomicron VPI-5482].
NP_812128.1	BT_3216			NC_004663.1:4107989..4108471	2-amino-4-hydroxy-6-hydroxymethyldihydropteridine pyrophosphokinase [Bacteroides thetaiotaomicron VPI-5482].
NP_812131.1	BT_3219			NC_004663.1:4109131..4110423	S-adenosylmethionine synthetase [Bacteroides thetaiotaomicron VPI-5482].
NP_812144.1	BT_3232			NC_004663.1:4121974..4122777	gluconate 5-dehydrogenase [Bacteroides thetaiotaomicron VPI-5482].
NP_812160.1	BT_3248			complement(NC_004663.1:4148143..4148964)	metal ABC transporter ATP-binding protein [Bacteroides thetaiotaomicron VPI-5482].
NP_812161.1	BT_3249			complement(NC_004663.1:4148994..4149920)	zinc ABC transporter zinc-binding protein [Bacteroides thetaiotaomicron VPI-5482].
NP_812165.1	BT_3253			complement(NC_004663.1:4152166..4153440)	phosphoribosylamine--glycine ligase [Bacteroides thetaiotaomicron VPI-5482].
NP_812168.1	BT_3256			complement(NC_004663.1:4157407..4158309)	serine acetyltransferase [Bacteroides thetaiotaomicron VPI-5482].
NP_812173.1	BT_3261			NC_004663.1:4165016..4165990	octaprenyl-diphosphate synthase [Bacteroides thetaiotaomicron VPI-5482].
NP_812175.1	BT_3263			complement(NC_004663.1:4167078..4167980)	deoxyribose-phosphate aldolase [Bacteroides thetaiotaomicron VPI-5482].
NP_812179.1	BT_3267			complement(NC_004663.1:4171236..4171766)	adenine phosphoribosyltransferase [Bacteroides thetaiotaomicron VPI-5482].
NP_812212.1	BT_3300			complement(NC_004663.1:4231298..4233775)	beta-glucosidase [Bacteroides thetaiotaomicron VPI-5482].
NP_812217.1	BT_3305			complement(NC_004663.1:4243275..4244201)	fructokinase [Bacteroides thetaiotaomicron VPI-5482].
NP_812218.1	BT_3306			complement(NC_004663.1:4244189..4244794)	sugar isomerase [Bacteroides thetaiotaomicron VPI-5482].
NP_812232.1	BT_3320			complement(NC_004663.1:4263582..4264346)	dihydrodipicolinate reductase [Bacteroides thetaiotaomicron VPI-5482].
NP_812252.1	BT_3340			complement(NC_004663.1:4301308..4304418)	beta-galactosidase [Bacteroides thetaiotaomicron VPI-5482].
NP_812264.1	BT_3352			complement(NC_004663.1:4323799..4324611)	haloacid dehalogenase [Bacteroides thetaiotaomicron VPI-5482].
NP_812268.1	BT_3356		pfkA	NC_004663.1:4330831..4331841	6-phosphofructokinase [Bacteroides thetaiotaomicron VPI-5482].
NP_812270.1	BT_3358			complement(NC_004663.1:4332825..4334087)	3-oxoacyl-ACP synthase [Bacteroides thetaiotaomicron VPI-5482].
NP_812271.1	BT_3359		acpP	complement(NC_004663.1:4334106..4334342)	acyl carrier protein [Bacteroides thetaiotaomicron VPI-5482].
NP_812272.1	BT_3360			NC_004663.1:4334441..4335067	phosphoribosylglycinamide formyltransferase [Bacteroides thetaiotaomicron VPI-5482].
NP_812273.1	BT_3361			complement(NC_004663.1:4335140..4336186)	erythronate-4-phosphate dehydrogenase [Bacteroides thetaiotaomicron VPI-5482].
NP_812287.1	BT_3375			complement(NC_004663.1:4351512..4352672)	aspartate aminotransferase [Bacteroides thetaiotaomicron VPI-5482].
NP_812298.1	BT_3386			NC_004663.1:4365599..4367434	ABC transporter ATP-binding protein [Bacteroides thetaiotaomicron VPI-5482].
NP_812306.1	BT_3394			NC_004663.1:4373902..4375794	arginine decarboxylase [Bacteroides thetaiotaomicron VPI-5482].
NP_812307.1	BT_3395			NC_004663.1:4375854..4376627	acetylglutamate kinase [Bacteroides thetaiotaomicron VPI-5482].
NP_812323.1	BT_3411		hppA	NC_004663.1:4393181..4395385	membrane-bound proton-translocating pyrophosphatase [Bacteroides thetaiotaomicron VPI-5482].
NP_812326.1	BT_3414			complement(NC_004663.1:4398259..4399188)	Mg2+/Co2+ transporter [Bacteroides thetaiotaomicron VPI-5482].
NP_812331.1	BT_3419			NC_004663.1:4404279..4405793	phosphoglyceromutase [Bacteroides thetaiotaomicron VPI-5482].
NP_812359.1	BT_3447		murC	complement(NC_004663.1:4440190..4441593)	UDP-N-acetylmuramate--L-alanine ligase [Bacteroides thetaiotaomicron VPI-5482].
NP_812360.1	BT_3448		murG	complement(NC_004663.1:4441797..4442915)	undecaprenyldiphospho-muramoylpentapeptide beta-N- acetylglucosaminyltransferase [Bacteroides thetaiotaomicron VPI-5482].
NP_812362.1	BT_3450			complement(NC_004663.1:4444262..4445503)	UDP-N-acetylmuramoylalanine--D-glutamate ligase [Bacteroides thetaiotaomicron VPI-5482].
NP_812363.1	BT_3451		mraY	complement(NC_004663.1:4445765..4447033)	phospho-N-acetylmuramoyl-pentapeptide-transferase [Bacteroides thetaiotaomicron VPI-5482].
NP_812364.1	BT_3452		murE	complement(NC_004663.1:4447131..4448579)	UDP-N-acetylmuramoylalanyl-D-glutamate--2,6-diaminopimelate ligase [Bacteroides thetaiotaomicron VPI-5482].
NP_812365.1	BT_3453			complement(NC_004663.1:4448603..4450729)	penicillin-binding protein [Bacteroides thetaiotaomicron VPI-5482].
NP_812372.1	BT_3460			complement(NC_004663.1:4455570..4456922)	dGTP triphosphohydrolase [Bacteroides thetaiotaomicron VPI-5482].
NP_812373.1	BT_3461		dut	NC_004663.1:4457047..4457481	deoxyuridine 5'-triphosphate nucleotidohydrolase [Bacteroides thetaiotaomicron VPI-5482].
NP_812376.1	BT_3464			NC_004663.1:4459829..4461136	peptidase [Bacteroides thetaiotaomicron VPI-5482].
NP_812384.1	BT_3472			complement(NC_004663.1:4470931..4472223)	hydrogenase [Bacteroides thetaiotaomicron VPI-5482].
NP_812425.1	BT_3513			complement(NC_004663.1:4533444..4535258)	beta-galactosidase [Bacteroides thetaiotaomicron VPI-5482].
NP_812461.1	BT_3549			complement(NC_004663.1:4588590..4589657)	acetylornithine deacetylase [Bacteroides thetaiotaomicron VPI-5482].
NP_812462.1	BT_3550			NC_004663.1:4589767..4591572	long-chain-fatty-acid--CoA ligase [Bacteroides thetaiotaomicron VPI-5482].
NP_812463.1	BT_3551			complement(NC_004663.1:4591704..4594796)	zinc protease [Bacteroides thetaiotaomicron VPI-5482].
NP_812479.1	BT_3567			complement(NC_004663.1:4616660..4618975)	beta-glucosidase [Bacteroides thetaiotaomicron VPI-5482].
NP_812488.1	BT_3576			complement(NC_004663.1:4628820..4629710)	ribokinase [Bacteroides thetaiotaomicron VPI-5482].
NP_812494.1	BT_3583			complement(NC_004663.1:4637093..4638418)	dehydrogenase [Bacteroides thetaiotaomicron VPI-5482].
NP_812498.1	BT_3587		nagB	complement(NC_004663.1:4641673..4642458)	glucosamine-6-phosphate deaminase [Bacteroides thetaiotaomicron VPI-5482].
NP_812499.1	BT_3588			complement(NC_004663.1:4642439..4643626)	N-acetylglucosamine-6-phosphate deacetylase [Bacteroides thetaiotaomicron VPI-5482].
NP_812500.1	BT_3589			complement(NC_004663.1:4643658..4644974)	glucose/galactose transporter [Bacteroides thetaiotaomicron VPI-5482].
NP_812512.1	BT_3601			complement(NC_004663.1:4664397..4665446)	glucosamine--fructose-6-phosphate aminotransferase [Bacteroides thetaiotaomicron VPI-5482].
NP_812524.1	BT_3613			complement(NC_004663.1:4681882..4682925)	LacI family transcriptional regulator [Bacteroides thetaiotaomicron VPI-5482].
NP_812527.1	BT_3616			NC_004663.1:4685018..4686274	fucose permease [Bacteroides thetaiotaomicron VPI-5482].
NP_812528.1	BT_3617			NC_004663.1:4686298..4687314	sorbitol dehydrogenase [Bacteroides thetaiotaomicron VPI-5482].
NP_812534.1	BT_3623			complement(NC_004663.1:4694785..4696272)	sodium/iodide co-transporter [Bacteroides thetaiotaomicron VPI-5482].
NP_812547.1	BT_3636			complement(NC_004663.1:4711361..4712368)	aspartate-semialdehyde dehydrogenase [Bacteroides thetaiotaomicron VPI-5482].
NP_812549.1	BT_3638			NC_004663.1:4714360..4716495	Na+/H+ antiporter [Bacteroides thetaiotaomicron VPI-5482].
NP_812555.1	BT_3644			complement(NC_004663.1:4721029..4722327)	UDP-N-acetylmuramyl-tripeptide synthetase [Bacteroides thetaiotaomicron VPI-5482].
NP_812557.1	BT_3646			NC_004663.1:4724545..4725408	dihydropteroate synthase [Bacteroides thetaiotaomicron VPI-5482].
NP_812594.1	BT_3683			NC_004663.1:4786373..4788268	beta-glucanase [Bacteroides thetaiotaomicron VPI-5482].
NP_812603.1	BT_3692			NC_004663.1:4795359..4796378	phosphate acetyltransferase [Bacteroides thetaiotaomicron VPI-5482].
NP_812604.1	BT_3693			NC_004663.1:4796407..4797606	acetate kinase [Bacteroides thetaiotaomicron VPI-5482].
NP_812608.1	BT_3697			NC_004663.1:4799968..4800732	UDP-2,3-diacylglucosamine hydrolase [Bacteroides thetaiotaomicron VPI-5482].
NP_812609.1	BT_3698		susG	complement(NC_004663.1:4800873..4802951)	alpha-amylase [Bacteroides thetaiotaomicron VPI-5482].
NP_812615.1	BT_3704		susA	complement(NC_004663.1:4812998..4814851)	alpha-amylase [Bacteroides thetaiotaomicron VPI-5482].
NP_812619.1	BT_3708			complement(NC_004663.1:4818649..4820052)	alkaline phosphatase [Bacteroides thetaiotaomicron VPI-5482].
NP_812624.1	BT_3713		ddl	NC_004663.1:4823235..4824209	D-alanyl-alanine synthetase A [Bacteroides thetaiotaomicron VPI-5482].
NP_812629.1	BT_3718		proA	complement(NC_004663.1:4827826..4829079)	gamma-glutamyl phosphate reductase [Bacteroides thetaiotaomicron VPI-5482].
NP_812630.1	BT_3719			complement(NC_004663.1:4829106..4830188)	gamma-glutamyl kinase [Bacteroides thetaiotaomicron VPI-5482].
NP_812631.1	BT_3720			NC_004663.1:4830294..4831445	aspartate aminotransferase [Bacteroides thetaiotaomicron VPI-5482].
NP_812633.1	BT_3722			complement(NC_004663.1:4831721..4832563)	glutamate racemase [Bacteroides thetaiotaomicron VPI-5482].
NP_812637.1	BT_3726			complement(NC_004663.1:4836468..4837202)	undecaprenyl pyrophosphate synthase [Bacteroides thetaiotaomicron VPI-5482].
NP_812639.1	BT_3728			complement(NC_004663.1:4838863..4839882)	riboflavin biosynthesis protein ribD [Bacteroides thetaiotaomicron VPI-5482].
NP_812642.1	BT_3731		pyrE	NC_004663.1:4841347..4841985	orotate phosphoribosyltransferase [Bacteroides thetaiotaomicron VPI-5482].
NP_812644.1	BT_3733			NC_004663.1:4842595..4843935	argininosuccinate lyase [Bacteroides thetaiotaomicron VPI-5482].
NP_812650.1	BT_3739			complement(NC_004663.1:4852219..4853733)	Na+/dicarboxylate or sulfate symporter [Bacteroides thetaiotaomicron VPI-5482].
NP_812666.1	BT_3755			complement(NC_004663.1:4875308..4876963)	acetyl-coenzyme A synthetase [Bacteroides thetaiotaomicron VPI-5482].
NP_812668.1	BT_3757			complement(NC_004663.1:4877565..4878338)	pyrroline-5-carboxylate reductase [Bacteroides thetaiotaomicron VPI-5482].
NP_812669.1	BT_3758			complement(NC_004663.1:4878474..4879595)	acetylornithine aminotransferase [Bacteroides thetaiotaomicron VPI-5482].
NP_812670.1	BT_3759		argC	complement(NC_004663.1:4879609..4880577)	N-acetyl-gamma-glutamyl-phosphate reductase [Bacteroides thetaiotaomicron VPI-5482].
NP_812671.1	BT_3760			complement(NC_004663.1:4880574..4881782)	argininosuccinate synthase [Bacteroides thetaiotaomicron VPI-5482].
NP_812674.1	BT_3763			NC_004663.1:4883107..4884564	rhamnulose kinase/L-fuculose kinase [Bacteroides thetaiotaomicron VPI-5482].
NP_812675.1	BT_3764			NC_004663.1:4884624..4885880	L-rhamnose isomerase [Bacteroides thetaiotaomicron VPI-5482].
NP_812676.1	BT_3765			NC_004663.1:4885884..4886903	rhamnose-proton symporter [Bacteroides thetaiotaomicron VPI-5482].
NP_812677.1	BT_3766			NC_004663.1:4886916..4887725	rhamnulose-1-phosphate aldolase [Bacteroides thetaiotaomicron VPI-5482].
NP_812678.1	BT_3767			NC_004663.1:4887821..4888975	L-1,2-propanediol oxidoreductase [Bacteroides thetaiotaomicron VPI-5482].
NP_812682.1	BT_3771			NC_004663.1:4891812..4892558	3-oxoacyl-ACP reductase [Bacteroides thetaiotaomicron VPI-5482].
NP_812712.1	BT_3801			complement(NC_004663.1:4942909..4944282)	rteB, two-component system response regulator [Bacteroides thetaiotaomicron VPI-5482].
NP_812723.1	BT_3812		purH	NC_004663.1:4962820..4964343	bifunctional phosphoribosylaminoimidazolecarboxamide formyltransferase/IMP cyclohydrolase [Bacteroides thetaiotaomicron VPI-5482].
NP_812727.1	BT_3816			NC_004663.1:4966835..4968697	penicillin-binding protein 2 [Bacteroides thetaiotaomicron VPI-5482].
NP_812732.1	BT_3821			complement(NC_004663.1:4973330..4974283)	5,10-methylenetetrahydrofolate reductase [Bacteroides thetaiotaomicron VPI-5482].
NP_812745.1	BT_3834			NC_004663.1:4989662..4990669	3-oxoacyl-ACP synthase [Bacteroides thetaiotaomicron VPI-5482].
NP_812746.1	BT_3835		era	NC_004663.1:4990755..4991636	GTP-binding protein Era [Bacteroides thetaiotaomicron VPI-5482].
NP_812756.1	BT_3845			NC_004663.1:5002008..5003486	inosine-5'-monophosphate dehydrogenase [Bacteroides thetaiotaomicron VPI-5482].
NP_812782.1	BT_3871			NC_004663.1:5043717..5045063	adenylosuccinate lyase [Bacteroides thetaiotaomicron VPI-5482].
NP_812794.1	BT_3883			NC_004663.1:5054875..5055489	2-hydroxyhepta-2,4-diene-1,7-dioate isomerase [Bacteroides thetaiotaomicron VPI-5482].
NP_812795.1	BT_3884		ispF	NC_004663.1:5055529..5056008	2-C-methyl-D-erythritol 2,4-cyclodiphosphate synthase [Bacteroides thetaiotaomicron VPI-5482].
NP_812803.1	BT_3892			NC_004663.1:5062892..5063911	branched-chain amino acid aminotransferase [Bacteroides thetaiotaomicron VPI-5482].
NP_812822.1	BT_3911			complement(NC_004663.1:5085583..5086524)	malate dehydrogenase [Bacteroides thetaiotaomicron VPI-5482].
NP_812828.1	BT_3917		ppnK	complement(NC_004663.1:5091961..5092869)	inorganic polyphosphate/ATP-NAD kinase [Bacteroides thetaiotaomicron VPI-5482].
NP_812829.1	BT_3918			NC_004663.1:5092982..5093695	pyridoxine 5'-phosphate synthase [Bacteroides thetaiotaomicron VPI-5482].
NP_812834.1	BT_3923		ispD	NC_004663.1:5096382..5097041	2-C-methyl-D-erythritol 4-phosphate cytidylyltransferase [Bacteroides thetaiotaomicron VPI-5482].
NP_812836.1	BT_3925		ndk	NC_004663.1:5099362..5099826	nucleoside diphosphate kinase [Bacteroides thetaiotaomicron VPI-5482].
NP_812837.1	BT_3926			NC_004663.1:5099845..5100717	peptidase [Bacteroides thetaiotaomicron VPI-5482].
NP_812840.1	BT_3929		tpiA	NC_004663.1:5102705..5103463	triosephosphate isomerase [Bacteroides thetaiotaomicron VPI-5482].
NP_812842.1	BT_3931		folE	NC_004663.1:5104047..5104637	GTP cyclohydrolase I [Bacteroides thetaiotaomicron VPI-5482].
NP_812844.1	BT_3933			complement(NC_004663.1:5107036..5107809)	chorismate mutase [Bacteroides thetaiotaomicron VPI-5482].
NP_812845.1	BT_3934			complement(NC_004663.1:5108026..5109087)	phospho-2-dehydro-3-deoxyheptonate aldolase [Bacteroides thetaiotaomicron VPI-5482].
NP_812846.1	BT_3935			complement(NC_004663.1:5109180..5110361)	aminotransferase [Bacteroides thetaiotaomicron VPI-5482].
NP_812847.1	BT_3936			complement(NC_004663.1:5110336..5111184)	prephenate dehydratase [Bacteroides thetaiotaomicron VPI-5482].
NP_812855.1	BT_3944			NC_004663.1:5119138..5120934	chloride channel protein [Bacteroides thetaiotaomicron VPI-5482].
NP_812857.1	BT_3946			NC_004663.1:5121958..5122608	ribulose-phosphate 3-epimerase [Bacteroides thetaiotaomicron VPI-5482].
NP_812859.1	BT_3948			NC_004663.1:5124765..5125802	exopolyphosphatase [Bacteroides thetaiotaomicron VPI-5482].
NP_812861.1	BT_3950			NC_004663.1:5126595..5127983	phosphoglucomutase/phosphomannomutase [Bacteroides thetaiotaomicron VPI-5482].
NP_812880.1	BT_3969			complement(NC_004663.1:5165823..5170148)	AcrB/AcrD/AcrF family cation efflux system protein [Bacteroides thetaiotaomicron VPI-5482].
NP_812882.1	BT_3971			NC_004663.1:5172133..5172675	glutathione peroxidase [Bacteroides thetaiotaomicron VPI-5482].
NP_812883.1	BT_3972			complement(NC_004663.1:5172653..5173195)	NTP pyrophosphohydrolase [Bacteroides thetaiotaomicron VPI-5482].
NP_812886.1	BT_3975			complement(NC_004663.1:5175851..5176912)	3-dehydroquinate synthase [Bacteroides thetaiotaomicron VPI-5482].
NP_812907.1	BT_3996			NC_004663.1:5208126..5209094	peptidase [Bacteroides thetaiotaomicron VPI-5482].
NP_812909.1	BT_3998			complement(NC_004663.1:5209459..5211702)	GTP pyrophosphokinase [Bacteroides thetaiotaomicron VPI-5482].
NP_812910.1	BT_3999			complement(NC_004663.1:5211775..5213070)	membrane-bound lytic murein transglycosylase D [Bacteroides thetaiotaomicron VPI-5482].
NP_812914.1	BT_4003		surE	NC_004663.1:5216019..5216798	stationary phase survival protein SurE [Bacteroides thetaiotaomicron VPI-5482].
NP_812915.1	BT_4004			NC_004663.1:5216850..5217986	lipid-A-disaccharide synthase [Bacteroides thetaiotaomicron VPI-5482].
NP_812918.1	BT_4007			complement(NC_004663.1:5219826..5221916)	metalloprotease FtsH [Bacteroides thetaiotaomicron VPI-5482].
NP_812953.1	BT_4042			complement(NC_004663.1:5258012..5259352)	Mg2+ transporter MgtE [Bacteroides thetaiotaomicron VPI-5482].
NP_812956.1	BT_4045			NC_004663.1:5261291..5262748	aminoacyl-histidine dipeptidase [Bacteroides thetaiotaomicron VPI-5482].
NP_812969.1	BT_4058			complement(NC_004663.1:5290993..5292435)	NADH dehydrogenase I subunit N [Bacteroides thetaiotaomicron VPI-5482].
NP_813008.1	BT_4097			complement(NC_004663.1:5353085..5354536)	Trk system K+ uptake protein trkH [Bacteroides thetaiotaomicron VPI-5482].
NP_813009.1	BT_4098		trkA	complement(NC_004663.1:5354691..5356031)	potassium transporter peripheral membrane protein [Bacteroides thetaiotaomicron VPI-5482].
NP_813010.1	BT_4099			complement(NC_004663.1:5356034..5357977)	1-deoxy-D-xylulose-5-phosphate synthase [Bacteroides thetaiotaomicron VPI-5482].
NP_813012.2	BT_4101			NC_004663.1:5359608..5362157	bifunctional UDP-N-acetylmuramoyl-tripeptide:D-alanyl-D-alanine ligase/alanine racemase [Bacteroides thetaiotaomicron VPI-5482].
NP_813016.1	BT_4105			complement(NC_004663.1:5367284..5368771)	hexuronate transporter [Bacteroides thetaiotaomicron VPI-5482].
NP_813037.1	BT_4126			NC_004663.1:5410463..5411659	flavoprotein [Bacteroides thetaiotaomicron VPI-5482].
NP_813038.1	BT_4127		nagB	NC_004663.1:5411705..5412517	glucosamine-6-phosphate deaminase [Bacteroides thetaiotaomicron VPI-5482].
NP_813049.1	BT_4138			NC_004663.1:5433373..5434542	aminotransferase [Bacteroides thetaiotaomicron VPI-5482].
NP_813063.1	BT_4152			NC_004663.1:5452139..5455099	beta-galactosidase I [Bacteroides thetaiotaomicron VPI-5482].
NP_813095.1	BT_4184			complement(NC_004663.1:5517450..5518100)	phosphoglycolate phosphatase [Bacteroides thetaiotaomicron VPI-5482].
NP_813099.1	BT_4188			NC_004663.1:5523365..5524222	enoyl-ACP reductase [Bacteroides thetaiotaomicron VPI-5482].
NP_813116.1	BT_4205			complement(NC_004663.1:5541476..5542243)	UDP-N-acetylglucosamine acyltransferase [Bacteroides thetaiotaomicron VPI-5482].
NP_813117.1	BT_4206			complement(NC_004663.1:5542254..5543639)	bifunctional UDP-3-O-[3-hydroxymyristoyl] N-acetylglucosamine deacetylase/(3R)-hydroxymyristoyl-ACP dehydratase [Bacteroides thetaiotaomicron VPI-5482].
NP_813118.1	BT_4207		lpxD	complement(NC_004663.1:5543651..5544691)	UDP-3-O-[3-hydroxymyristoyl] glucosamine N-acyltransferase [Bacteroides thetaiotaomicron VPI-5482].
NP_813120.1	BT_4209			complement(NC_004663.1:5546012..5546836)	orotidine 5'-phosphate decarboxylase [Bacteroides thetaiotaomicron VPI-5482].
NP_813122.1	BT_4211			complement(NC_004663.1:5547969..5549135)	phosphoribosylformylglycinamidine cyclo-ligase [Bacteroides thetaiotaomicron VPI-5482].
NP_813126.1	BT_4215			complement(NC_004663.1:5552093..5552839)	shikimate 5-dehydrogenase [Bacteroides thetaiotaomicron VPI-5482].
NP_813127.1	BT_4216		ubiE	complement(NC_004663.1:5552878..5553615)	ubiquinone/menaquinone biosynthesis methyltransferase [Bacteroides thetaiotaomicron VPI-5482].
NP_813128.1	BT_4217		hemH	complement(NC_004663.1:5553618..5554562)	phosphoribosylaminoimidazole-succinocarboxamide synthase [Bacteroides thetaiotaomicron VPI-5482].
NP_813163.1	BT_4252			complement(NC_004663.1:5603223..5604482)	oxidoreductase [Bacteroides thetaiotaomicron VPI-5482].
NP_813164.2	BT_4253		ribH	complement(NC_004663.1:5604758..5605252)	6,7-dimethyl-8-ribityllumazine synthase [Bacteroides thetaiotaomicron VPI-5482].
NP_813168.1	BT_4257			complement(NC_004663.1:5607645..5608436)	histidinol-phosphatase [Bacteroides thetaiotaomicron VPI-5482].
NP_813169.1	BT_4258			complement(NC_004663.1:5608381..5608971)	5-formyltetrahydrofolate cyclo-ligase [Bacteroides thetaiotaomicron VPI-5482].
NP_813171.1	BT_4260			complement(NC_004663.1:5610663..5611112)	deoxycytidylate deaminase [Bacteroides thetaiotaomicron VPI-5482].
NP_813174.1	BT_4263			complement(NC_004663.1:5613903..5614913)	glyceraldehyde 3-phosphate dehydrogenase [Bacteroides thetaiotaomicron VPI-5482].
NP_813176.1	BT_4265		guaA	NC_004663.1:5615708..5617231	GMP synthase [Bacteroides thetaiotaomicron VPI-5482].
NP_813199.1	BT_4288			NC_004663.1:5647015..5649240	ABC transporter ATP-binding protein [Bacteroides thetaiotaomicron VPI-5482].
NP_813214.1	BT_4303			NC_004663.1:5670389..5672326	4-alpha-glucanotransferase [Bacteroides thetaiotaomicron VPI-5482].
NP_813218.1	BT_4307			complement(NC_004663.1:5676807..5677511)	glycogen synthase [Bacteroides thetaiotaomicron VPI-5482].
NP_813219.1	BT_4308		panC	NC_004663.1:5677786..5678634	pantoate--beta-alanine ligase [Bacteroides thetaiotaomicron VPI-5482].
NP_813220.1	BT_4309			NC_004663.1:5678656..5679009	aspartate alpha-decarboxylase [Bacteroides thetaiotaomicron VPI-5482].
NP_813221.1	BT_4310			complement(NC_004663.1:5679083..5681374)	bifunctional 2-polyprenylphenol hydroxylase/glutamate synthase subunit beta [Bacteroides thetaiotaomicron VPI-5482].
NP_813226.1	BT_4315			complement(NC_004663.1:5685005..5685646)	HPr(Ser) phosphatase [Bacteroides thetaiotaomicron VPI-5482].
NP_813232.1	BT_4321			complement(NC_004663.1:5692306..5693106)	2-dehydro-3-deoxyphosphooctonate aldolase [Bacteroides thetaiotaomicron VPI-5482].
NP_813241.1	BT_4330			complement(NC_004663.1:5702707..5703957)	xanthosine permease [Bacteroides thetaiotaomicron VPI-5482].
NP_813247.1	BT_4336			NC_004663.1:5710229..5711179	thioredoxin reductase [Bacteroides thetaiotaomicron VPI-5482].
NP_813250.1	BT_4339			complement(NC_004663.1:5714701..5716890)	glutamine synthetase [Bacteroides thetaiotaomicron VPI-5482].
NP_813256.1	BT_4345		rpsA	NC_004663.1:5727227..5729026	30S ribosomal protein S1 [Bacteroides thetaiotaomicron VPI-5482].
NP_813261.1	BT_4350		mazG	complement(NC_004663.1:5731745..5732533)	nucleoside triphosphate pyrophosphohydrolase [Bacteroides thetaiotaomicron VPI-5482].
NP_813277.2	BT_4366			NC_004663.1:5758209..5758940	pantothenate kinase [Bacteroides thetaiotaomicron VPI-5482].
NP_813285.1	BT_4374			NC_004663.1:5768016..5769110	4-hydroxythreonine-4-phosphate dehydrogenase [Bacteroides thetaiotaomicron VPI-5482].
NP_813296.1	BT_4385			NC_004663.1:5778289..5779833	di-tripeptide ABC transporter [Bacteroides thetaiotaomicron VPI-5482].
NP_813297.1	BT_4386			NC_004663.1:5779875..5780411	hypoxanthine-guanine phosphoribosyltransferase [Bacteroides thetaiotaomicron VPI-5482].
NP_813298.1	BT_4387		adk	NC_004663.1:5780445..5781014	adenylate kinase [Bacteroides thetaiotaomicron VPI-5482].
NP_813299.1	BT_4388		obgE	NC_004663.1:5781027..5782193	GTPase ObgE [Bacteroides thetaiotaomicron VPI-5482].
NP_813308.1	BT_4397			NC_004663.1:5791343..5792725	xylose/H+ symporter [Bacteroides thetaiotaomicron VPI-5482].
NP_813310.1	BT_4399			complement(NC_004663.1:5796101..5797252)	hypothetical protein BT_4399 [Bacteroides thetaiotaomicron VPI-5482].
NP_813334.1	BT_4423			NC_004663.1:5825587..5827104	xylulose kinase [Bacteroides thetaiotaomicron VPI-5482].
NP_813335.1	BT_4424			NC_004663.1:5827129..5828163	sorbitol dehydrogenase [Bacteroides thetaiotaomicron VPI-5482].
NP_813336.1	BT_4425			NC_004663.1:5828203..5828919	deoxyribose-phosphate aldolase [Bacteroides thetaiotaomicron VPI-5482].
NP_813362.1	BT_4451			NC_004663.1:5863307..5863873	MTA/SAH nucleosidase [Bacteroides thetaiotaomicron VPI-5482].
NP_813369.1	BT_4458			NC_004663.1:5868241..5869113	pyridoxamine kinase [Bacteroides thetaiotaomicron VPI-5482].
NP_813373.1	BT_4462			complement(NC_004663.1:5872538..5873191)	hypothetical protein BT_4462 [Bacteroides thetaiotaomicron VPI-5482].
NP_813374.1	BT_4463			complement(NC_004663.1:5873217..5874173)	phosphatidate cytidylyltransferase [Bacteroides thetaiotaomicron VPI-5482].
NP_813379.1	BT_4468			complement(NC_004663.1:5877937..5878290)	hypothetical protein BT_4468 [Bacteroides thetaiotaomicron VPI-5482].
NP_813384.1	BT_4473			NC_004663.1:5884613..5885923	purine permease [Bacteroides thetaiotaomicron VPI-5482].
NP_813387.1	BT_4476			complement(NC_004663.1:5889212..5890600)	amino acid carrier protein [Bacteroides thetaiotaomicron VPI-5482].
NP_813395.1	BT_4484			complement(NC_004663.1:5901239..5901847)	hypothetical protein BT_4484 [Bacteroides thetaiotaomicron VPI-5482].
NP_813397.1	BT_4486			complement(NC_004663.1:5902455..5903333)	voltage-gated K+ channel protein [Bacteroides thetaiotaomicron VPI-5482].
NP_813423.1	BT_4512			NC_004663.1:5928828..5929880	zinc-type alcohol dehydrogenase [Bacteroides thetaiotaomicron VPI-5482].
NP_813465.1	BT_4554			complement(NC_004663.1:5976231..5977109)	purine nucleoside phosphorylase II [Bacteroides thetaiotaomicron VPI-5482].
NP_813483.1	BT_4572		eno	complement(NC_004663.1:5993128..5994408)	phosphopyruvate hydratase [Bacteroides thetaiotaomicron VPI-5482].
NP_813493.1	BT_4582			NC_004663.1:6003574..6004983	amidophosphoribosyltransferase [Bacteroides thetaiotaomicron VPI-5482].
NP_813495.1	BT_4584		gcvT	NC_004663.1:6006376..6007461	glycine cleavage system aminomethyltransferase T [Bacteroides thetaiotaomicron VPI-5482].
NP_813496.1	BT_4585			NC_004663.1:6007612..6009885	Na+/H+ antiporter [Bacteroides thetaiotaomicron VPI-5482].
NP_813505.1	BT_4594			NC_004663.1:6015273..6015887	dephospho-CoA kinase [Bacteroides thetaiotaomicron VPI-5482].
NP_813510.1	BT_4599			NC_004663.1:6020330..6021226	transcriptional regulator [Bacteroides thetaiotaomicron VPI-5482].
NP_813522.1	BT_4611			complement(NC_004663.1:6036716..6037171)	bacterioferritin co-migratory protein [Bacteroides thetaiotaomicron VPI-5482].
NP_813523.1	BT_4612			complement(NC_004663.1:6037186..6038379)	hypothetical protein BT_4612 [Bacteroides thetaiotaomicron VPI-5482].
NP_813526.1	BT_4615		dnaK	NC_004663.1:6041039..6042955	molecular chaperone DnaK [Bacteroides thetaiotaomicron VPI-5482].
NP_813548.1	BT_4637			complement(NC_004663.1:6072867..6073886)	inorganic phosphate transporter [Bacteroides thetaiotaomicron VPI-5482].
NP_813561.1	BT_4650			NC_004663.1:6083076..6084650	voltage-gated chloride channel protein [Bacteroides thetaiotaomicron VPI-5482].
NP_813565.1	BT_4654			complement(NC_004663.1:6089786..6090739)	ROK family transcriptional repressor [Bacteroides thetaiotaomicron VPI-5482].
NP_813575.2	BT_4664			complement(NC_004663.1:6111641..6113011)	tryptophan synthase subunit beta [Bacteroides thetaiotaomicron VPI-5482].
NP_813576.1	BT_4665			NC_004663.1:6113157..6114986	K+ uptake protein [Bacteroides thetaiotaomicron VPI-5482].
NP_813577.1	BT_4666			NC_004663.1:6114991..6115677	K+ uptake system protein [Bacteroides thetaiotaomicron VPI-5482].
NP_813589.1	BT_4678			complement(NC_004663.1:6133246..6134481)	L-serine dehydratase [Bacteroides thetaiotaomicron VPI-5482].
NP_813590.1	BT_4679			complement(NC_004663.1:6134472..6135524)	Mg2+/Co2+ transport protein [Bacteroides thetaiotaomicron VPI-5482].
NP_813600.1	BT_4689			complement(NC_004663.1:6150497..6152464)	pullulanase [Bacteroides thetaiotaomicron VPI-5482].
NP_813601.1	BT_4690			NC_004663.1:6152762..6154207	alpha-amylase [Bacteroides thetaiotaomicron VPI-5482].
NP_813611.1	BT_4700			NC_004663.1:6169218..6170330	isochorismate synthase entC [Bacteroides thetaiotaomicron VPI-5482].
NP_813612.1	BT_4701			NC_004663.1:6170350..6172017	2-oxoglutarate decarboxylase [Bacteroides thetaiotaomicron VPI-5482].
NP_813613.1	BT_4702			NC_004663.1:6172021..6172845	naphthoate synthase [Bacteroides thetaiotaomicron VPI-5482].
NP_813614.1	BT_4703			NC_004663.1:6172849..6173874	chloromuconate cycloisomerase [Bacteroides thetaiotaomicron VPI-5482].
NP_813615.1	BT_4704			NC_004663.1:6173871..6174977	O-succinylbenzoic acid--CoA ligase [Bacteroides thetaiotaomicron VPI-5482].
NP_813625.1	BT_4714			NC_004663.1:6188192..6190501	periplasmic beta-glucosidase, xylosidase/arabinosidase [Bacteroides thetaiotaomicron VPI-5482].
NP_813629.1	BT_4718			NC_004663.1:6193228..6193896	aquaporin [Bacteroides thetaiotaomicron VPI-5482].
NP_813637.1	BT_4726			NC_004663.1:6203517..6206048	glycerophosphoryl diester phosphodiesterase [Bacteroides thetaiotaomicron VPI-5482].
NP_813638.1	BT_4727			NC_004663.1:6206078..6206983	glycerophosphoryl diester phosphodiesterase [Bacteroides thetaiotaomicron VPI-5482].
NP_813648.1	BT_4737			complement(NC_004663.1:6213943..6214671)	pyruvate formate-lyase activating enzyme [Bacteroides thetaiotaomicron VPI-5482].
NP_813649.1	BT_4738			complement(NC_004663.1:6214685..6216913)	formate acetyltransferase [Bacteroides thetaiotaomicron VPI-5482].
