iem_abbr	call_index	iem_name	entrez_gene_ids	knockout_reaction_patterns	biomarker_reaction	vmh_metabolite	model_compartment	biofluid_tested	expected_direction	reported_biofluids_raw	label_raw	also_in_recon3d_branch	source_header_line	source_call_line	gene_symbols	unmapped_entrez	orpha_code	orpha_name	orpha_match_score	orpha_assoc_type	orpha_assoc_status	n_candidate_disorders	omim_ids	icd10	vmh_name	hmdb	chebi	kegg	hpo_check	hpo_evidence
HIS	1	Histidinemia HIS	3034.1	_HISD	EX_hista[u]	hista	u	urine	Increased	blood/urine	Increased (blood/urine)	True	186	220	HAL		2157	Histidinemia	0.857	Disease-causing germline mutation(s) in	Assessed	1	235800	E70.8	Histamine	HMDB00870	CHEBI:18295	C00388	not_in_hpo_annotations	
HIS	1	Histidinemia HIS	3034.1	_HISD	DM_hista[bc]	hista	bc	blood	Increased	blood/urine	Increased (blood/urine)	False	186	220	HAL		2157	Histidinemia	0.857	Disease-causing germline mutation(s) in	Assessed	1	235800	E70.8	Histamine	HMDB00870	CHEBI:18295	C00388	not_in_hpo_annotations	
HIS	1	Histidinemia HIS	3034.1	_HISD	EX_im4ac[u]	im4ac	u	urine	Increased	urine	Increased (urine)	True	186	220	HAL		2157	Histidinemia	0.857	Disease-causing germline mutation(s) in	Assessed	1	235800	E70.8	Imidazol-4-Ylacetate	HMDB02024	CHEBI:16974	C02835	not_in_hpo_annotations	
HIS	1	Histidinemia HIS	3034.1	_HISD	EX_his_L[u]	his_L	u	urine	Increased	blood/urine	Increased (blood/urine)	True	186	220	HAL		2157	Histidinemia	0.857	Disease-causing germline mutation(s) in	Assessed	1	235800	E70.8	L-Histidine	HMDB00177	CHEBI:15971	C00135	corroborated	HP:0002927 Histidinuria [Obligate (100%)]
HIS	1	Histidinemia HIS	3034.1	_HISD	DM_his_L[bc]	his_L	bc	blood	Increased	blood/urine	Increased (blood/urine)	False	186	220	HAL		2157	Histidinemia	0.857	Disease-causing germline mutation(s) in	Assessed	1	235800	E70.8	L-Histidine	HMDB00177	CHEBI:15971	C00135	corroborated	HP:0010906 Hyperhistidinemia [Obligate (100%)]
AGAT	2	AGAT def	2628.1	_GLYAMDTRc	EX_creat[u]	creat	u	urine	Decreased	urine	Decreased (urine)	False	222	238	GATM		35704	L-Arginine:glycine amidinotransferase deficiency	0.696	Disease-causing germline mutation(s) in	Assessed	2	612718	E72.8	Creatine	HMDB00064	CHEBI:16919	C00300	corroborated	HP:6000748 Decreased urinary creatine level [Frequent (79-30%)]
AGAT	2	AGAT def	2628.1	_GLYAMDTRc	EX_gudac[u]	gudac	u	urine	Decreased	urine	Decreased (urine)	False	222	238	GATM		35704	L-Arginine:glycine amidinotransferase deficiency	0.696	Disease-causing germline mutation(s) in	Assessed	2	612718	E72.8	Guanidinoacetic Acid	HMDB00128	CHEBI:16344	C00581	corroborated	HP:0034888 Decreased urine guanidinoacetic acid level [Frequent (79-30%)]
ARG	3	Arginase def ARG	383.1	_ARGN	EX_argsuc[u]	argsuc	u	urine	Increased	urine	Increased (urine)	True	240	284	ARG1		90	Argininemia	0.686	Disease-causing germline mutation(s) in	Assessed	1	207800	E72.2	L-Arginosuccinic Acid	HMDB00052	CHEBI:15682	C03406	not_in_hpo_annotations	
ARG	3	Arginase def ARG	383.1	_ARGN	EX_orot[u]	orot	u	urine	Increased	urine	Increased (urine)	True	240	284	ARG1		90	Argininemia	0.686	Disease-causing germline mutation(s) in	Assessed	1	207800	E72.2	Orotate	HMDB00226	CHEBI:16742	C00295	not_in_hpo_annotations	
ARG	3	Arginase def ARG	383.1	_ARGN	EX_ura[u]	ura	u	urine	Increased	urine	Increased  (urine)	True	240	284	ARG1		90	Argininemia	0.686	Disease-causing germline mutation(s) in	Assessed	1	207800	E72.2	Uracil	HMDB00300	CHEBI:17568	C00106	not_in_hpo_annotations	
ARG	3	Arginase def ARG	383.1	_ARGN	DM_creat[bc]	creat	bc	blood	Increased	blood	Increased (blood)	False	240	284	ARG1		90	Argininemia	0.686	Disease-causing germline mutation(s) in	Assessed	1	207800	E72.2	Creatine	HMDB00064	CHEBI:16919	C00300	not_in_hpo_annotations	
ARG	3	Arginase def ARG	383.1	_ARGN	DM_arg_L[bc]	arg_L	bc	blood	Increased	blood	Increased (blood)	False	240	284	ARG1		90	Argininemia	0.686	Disease-causing germline mutation(s) in	Assessed	1	207800	E72.2	L-Arginine	HMDB00517	CHEBI:16467	C00062	not_in_hpo_annotations	
ARG	3	Arginase def ARG	383.1	_ARGN	DM_gudac[bc]	gudac	bc	blood	Increased	blood	Increased (blood)	False	240	284	ARG1		90	Argininemia	0.686	Disease-causing germline mutation(s) in	Assessed	1	207800	E72.2	Guanidinoacetic Acid	HMDB00128	CHEBI:16344	C00581	not_in_hpo_annotations	
CPS1	4	CPS1 'Carbamoyl phosphate synthetase I deficiency	1373.1	_CBPSam;_r0034	EX_lys_L[u]	lys_L	u	urine	Increased	urine	Increased (urine)	True	287	324	CPS1		147	Carbamoyl-phosphate synthetase 1 deficiency	0.913	Disease-causing germline mutation(s) (loss of function) in	Assessed	1	237300	E72.2	L-Lysine	HMDB00182	CHEBI:18019	C00047	not_in_hpo_annotations	
CPS1	4	CPS1 'Carbamoyl phosphate synthetase I deficiency	1373.1	_CBPSam;_r0034	EX_gly[u]	gly	u	urine	Increased	urine	Increased (urine)	True	287	324	CPS1		147	Carbamoyl-phosphate synthetase 1 deficiency	0.913	Disease-causing germline mutation(s) (loss of function) in	Assessed	1	237300	E72.2	Glycine	HMDB00123	CHEBI:15428	C00037	not_in_hpo_annotations	
CPS1	4	CPS1 'Carbamoyl phosphate synthetase I deficiency	1373.1	_CBPSam;_r0034	EX_ura[u]	ura	u	urine	Increased	urine	Increased (urine)	True	287	324	CPS1		147	Carbamoyl-phosphate synthetase 1 deficiency	0.913	Disease-causing germline mutation(s) (loss of function) in	Assessed	1	237300	E72.2	Uracil	HMDB00300	CHEBI:17568	C00106	not_in_hpo_annotations	
CPS1	4	CPS1 'Carbamoyl phosphate synthetase I deficiency	1373.1	_CBPSam;_r0034	EX_5oxpro[u]	5oxpro	u	urine	Increased	urine	Increased (urine)	True	287	324	CPS1		147	Carbamoyl-phosphate synthetase 1 deficiency	0.913	Disease-causing germline mutation(s) (loss of function) in	Assessed	1	237300	E72.2	5-Oxoprolinate	HMDB00267	CHEBI:18183	C01879	not_in_hpo_annotations	
CPS1	4	CPS1 'Carbamoyl phosphate synthetase I deficiency	1373.1	_CBPSam;_r0034	DM_citr_L[bc]	citr_L	bc	blood	Decreased	blood	Decreased (blood)	False	287	324	CPS1		147	Carbamoyl-phosphate synthetase 1 deficiency	0.913	Disease-causing germline mutation(s) (loss of function) in	Assessed	1	237300	E72.2	L-Citrulline	HMDB00904	CHEBI:16349	C00327	not_in_hpo_annotations	
CPS1	4	CPS1 'Carbamoyl phosphate synthetase I deficiency	1373.1	_CBPSam;_r0034	DM_gln_L[bc]	gln_L	bc	blood	Increased	blood	Increased (blood)	False	287	324	CPS1		147	Carbamoyl-phosphate synthetase 1 deficiency	0.913	Disease-causing germline mutation(s) (loss of function) in	Assessed	1	237300	E72.2	L-Glutamine	HMDB00641	CHEBI:18050	C00064	not_in_hpo_annotations	
3MGA	5	3MGA 3-Methylglutaconic Aciduria Type I	549.1	_MGCHrm	EX_3ivcrn[u]	3ivcrn	u	urine	Increased	urine	Increased (urine)	False	326	338	AUH		67046	3-methylglutaconic aciduria type 1	0.904	Disease-causing germline mutation(s) (loss of function) in	Assessed	1	250950	E71.1	3-Hydroxy-Isovaleryl Carnitine				not_in_hpo_annotations	
3MGA	5	3MGA 3-Methylglutaconic Aciduria Type I	549.1	_MGCHrm	EX_3mglutac[u]	3mglutac	u	urine	Increased	urine	Increased (urine)	False	326	338	AUH		67046	3-methylglutaconic aciduria type 1	0.904	Disease-causing germline mutation(s) (loss of function) in	Assessed	1	250950	E71.1	3-Methyl-Glutaconate				corroborated	HP:0003535 3-Methylglutaconic aciduria [Very frequent (99-80%)]
3MGA	5	3MGA 3-Methylglutaconic Aciduria Type I	549.1	_MGCHrm	EX_3mglutr[u]	3mglutr	u	urine	Increased	urine	Increased (urine)	False	326	338	AUH		67046	3-methylglutaconic aciduria type 1	0.904	Disease-causing germline mutation(s) (loss of function) in	Assessed	1	250950	E71.1	3-Methyl-Glutarate				not_in_hpo_annotations	
AMA1	6	AMA1 Aminoacylase 1 Deficiency	95.1	_ACODA;_RE2640C	EX_acglu[u]	acglu	u	urine	Increased	urine	Increased (urine)	False	340	354	ACY1		137754	Aminoacylase 1 deficiency	0.909	Disease-causing germline mutation(s) (loss of function) in	Assessed	1	609924	E72.8	N-Acetyl-L-Glutamate	HMDB01138	CHEBI:12575	C00624	no_hpo_metabolite_term_for_disorder	
AMA1	6	AMA1 Aminoacylase 1 Deficiency	95.1	_ACODA;_RE2640C	EX_acgly[u]	acgly	u	urine	Increased	urine	Increased (urine)	False	340	354	ACY1		137754	Aminoacylase 1 deficiency	0.909	Disease-causing germline mutation(s) (loss of function) in	Assessed	1	609924	E72.8	Acetyl-Glycine				no_hpo_metabolite_term_for_disorder	
AADC	7	Aromatic L-amino acid decarboxylase deficiency	1644.1	_3HLYTCL;_3HXKYNDCL;_5HLTDL;_5HXKYNDCL;_LTDCL;_PHYCBOXL;_TYRCBOX	EX_34dhphe[u]	34dhphe	u	urine	Increased	urine/blood	Increased (urine/blood)	True	356	405	DDC		35708	Aromatic L-amino acid decarboxylase deficiency	1.0	Disease-causing germline mutation(s) in	Assessed	1	608643	G24.8	L-Dopa	HMDB00181	CHEBI:15765	C00355	not_in_hpo_annotations	
AADC	7	Aromatic L-amino acid decarboxylase deficiency	1644.1	_3HLYTCL;_3HXKYNDCL;_5HLTDL;_5HXKYNDCL;_LTDCL;_PHYCBOXL;_TYRCBOX	DM_34dhphe[bc]	34dhphe	bc	blood	Increased	urine/blood	Increased (urine/blood)	False	356	405	DDC		35708	Aromatic L-amino acid decarboxylase deficiency	1.0	Disease-causing germline mutation(s) in	Assessed	1	608643	G24.8	L-Dopa	HMDB00181	CHEBI:15765	C00355	not_in_hpo_annotations	
AADC	7	Aromatic L-amino acid decarboxylase deficiency	1644.1	_3HLYTCL;_3HXKYNDCL;_5HLTDL;_5HXKYNDCL;_LTDCL;_PHYCBOXL;_TYRCBOX	EX_5htrp[u]	5htrp	u	urine	Increased	urine/blood	Increased (urine/blood)	True	356	405	DDC		35708	Aromatic L-amino acid decarboxylase deficiency	1.0	Disease-causing germline mutation(s) in	Assessed	1	608643	G24.8	5-Hydroxy-L-Tryptophan	HMDB00472	CHEBI:28171	C01017	not_in_hpo_annotations	
AADC	7	Aromatic L-amino acid decarboxylase deficiency	1644.1	_3HLYTCL;_3HXKYNDCL;_5HLTDL;_5HXKYNDCL;_LTDCL;_PHYCBOXL;_TYRCBOX	DM_5htrp[bc]	5htrp	bc	blood	Increased	urine/blood	Increased (urine/blood)	False	356	405	DDC		35708	Aromatic L-amino acid decarboxylase deficiency	1.0	Disease-causing germline mutation(s) in	Assessed	1	608643	G24.8	5-Hydroxy-L-Tryptophan	HMDB00472	CHEBI:28171	C01017	not_in_hpo_annotations	
AADC	7	Aromatic L-amino acid decarboxylase deficiency	1644.1	_3HLYTCL;_3HXKYNDCL;_5HLTDL;_5HXKYNDCL;_LTDCL;_PHYCBOXL;_TYRCBOX	DM_adrnl[bc]	adrnl	bc	blood	Decreased	blood	Decreased (blood)	False	356	405	DDC		35708	Aromatic L-amino acid decarboxylase deficiency	1.0	Disease-causing germline mutation(s) in	Assessed	1	608643	G24.8	Adrenaline	HMDB00068	CHEBI:28918	C00788	not_in_hpo_annotations	
AADC	7	Aromatic L-amino acid decarboxylase deficiency	1644.1	_3HLYTCL;_3HXKYNDCL;_5HLTDL;_5HXKYNDCL;_LTDCL;_PHYCBOXL;_TYRCBOX	EX_dopa[u]	dopa	u	urine	Increased	urine	Increased (urine)	True	356	405	DDC		35708	Aromatic L-amino acid decarboxylase deficiency	1.0	Disease-causing germline mutation(s) in	Assessed	1	608643	G24.8	Dopamine	HMDB00073	CHEBI:18243	C03758	not_in_hpo_annotations	
AADC	7	Aromatic L-amino acid decarboxylase deficiency	1644.1	_3HLYTCL;_3HXKYNDCL;_5HLTDL;_5HXKYNDCL;_LTDCL;_PHYCBOXL;_TYRCBOX	EX_CE2176[u]	CE2176	u	urine	Increased	urine/blood	Increased (urine/blood)	True	356	405	DDC		35708	Aromatic L-amino acid decarboxylase deficiency	1.0	Disease-causing germline mutation(s) in	Assessed	1	608643	G24.8	3-O-Methyldopa	HMDB01434			not_in_hpo_annotations	
AADC	7	Aromatic L-amino acid decarboxylase deficiency	1644.1	_3HLYTCL;_3HXKYNDCL;_5HLTDL;_5HXKYNDCL;_LTDCL;_PHYCBOXL;_TYRCBOX	DM_CE2176[bc]	CE2176	bc	blood	Increased	urine/blood	Increased (urine/blood)	False	356	405	DDC		35708	Aromatic L-amino acid decarboxylase deficiency	1.0	Disease-causing germline mutation(s) in	Assessed	1	608643	G24.8	3-O-Methyldopa	HMDB01434			not_in_hpo_annotations	
AADC	7	Aromatic L-amino acid decarboxylase deficiency	1644.1	_3HLYTCL;_3HXKYNDCL;_5HLTDL;_5HXKYNDCL;_LTDCL;_PHYCBOXL;_TYRCBOX	DM_nrpphr[bc]	nrpphr	bc	blood	Decreased	blood	Decreased (blood)	False	356	405	DDC		35708	Aromatic L-amino acid decarboxylase deficiency	1.0	Disease-causing germline mutation(s) in	Assessed	1	608643	G24.8	Norepinephrine	HMDB00216	CHEBI:18357	C00547	not_in_hpo_annotations	
AADC	7	Aromatic L-amino acid decarboxylase deficiency	1644.1	_3HLYTCL;_3HXKYNDCL;_5HLTDL;_5HXKYNDCL;_LTDCL;_PHYCBOXL;_TYRCBOX	EX_3moxtyr[u]	3moxtyr	u	urine	Increased	urine	Increased (urine)	True	356	405	DDC		35708	Aromatic L-amino acid decarboxylase deficiency	1.0	Disease-causing germline mutation(s) in	Assessed	1	608643	G24.8	3-Methoxytyramine	HMDB00022	CHEBI:742324	C05587	not_in_hpo_annotations	
3MCC	8	3-methylcrotonyl coA carboxylase deficiency	56922.1	_MCCCrm;_RE2453M;_RE2454M	EX_3ivcrn[u]	3ivcrn	u	urine	Increased	urine	Increased (urine)	False	407	428	MCCC1		6	3-methylcrotonyl-CoA carboxylase deficiency	0.977	Disease-causing germline mutation(s) in	Assessed	1	210200;210210	E71.1	3-Hydroxy-Isovaleryl Carnitine				not_in_hpo_annotations	
3MCC	8	3-methylcrotonyl coA carboxylase deficiency	56922.1	_MCCCrm;_RE2453M;_RE2454M	EX_acac[u]	acac	u	urine	Increased	urine	Increased (urine)	False	407	428	MCCC1		6	3-methylcrotonyl-CoA carboxylase deficiency	0.977	Disease-causing germline mutation(s) in	Assessed	1	210200;210210	E71.1	Acetoacetate	HMDB00060	CHEBI:15344	C00164	not_in_hpo_annotations	
3MCC	8	3-methylcrotonyl coA carboxylase deficiency	56922.1	_MCCCrm;_RE2453M;_RE2454M	EX_acetone[u]	acetone	u	urine	Increased	urine	Increased (urine)	False	407	428	MCCC1		6	3-methylcrotonyl-CoA carboxylase deficiency	0.977	Disease-causing germline mutation(s) in	Assessed	1	210200;210210	E71.1	Acetone	HMDB01659	CHEBI:15347	C00207	not_in_hpo_annotations	
3MCC	8	3-methylcrotonyl coA carboxylase deficiency	56922.1	_MCCCrm;_RE2453M;_RE2454M	EX_bhb[u]	bhb	u	urine	Increased	urine	Increased (urine)	False	407	428	MCCC1		6	3-methylcrotonyl-CoA carboxylase deficiency	0.977	Disease-causing germline mutation(s) in	Assessed	1	210200;210210	E71.1	(R)-3-Hydroxybutyrate	HMDB00011	CHEBI:17066	C01089	not_in_hpo_annotations	
3MCC	8	3-methylcrotonyl coA carboxylase deficiency	56922.1	_MCCCrm;_RE2453M;_RE2454M	EX_CE2026[u]	CE2026	u	urine	Increased	urine	Increased (urine)	False	407	428	MCCC1		6	3-methylcrotonyl-CoA carboxylase deficiency	0.977	Disease-causing germline mutation(s) in	Assessed	1	210200;210210	E71.1	3-Methylcrotonoylglycine				not_in_hpo_annotations	
3MCC	8	3-methylcrotonyl coA carboxylase deficiency	56922.1	_MCCCrm;_RE2453M;_RE2454M	EX_3hivac[u]	3hivac	u	urine	Increased	urine	Increased (urine)	False	407	428	MCCC1		6	3-methylcrotonyl-CoA carboxylase deficiency	0.977	Disease-causing germline mutation(s) in	Assessed	1	210200;210210	E71.1	3-Hydroxyisovaleric Acid				not_in_hpo_annotations	
CYP21D	9	CYP21D '21-hydroxylase deficiency	1589.1	_P45021A1r;_P45021A2r;_RE2155R;_21HPRGNLONE;_HMR_1940;_HMR_1948;_HMR_1988;_HMR_1990;_HMR_1992;_HMR_2007	DM_aldstrn[bc]	aldstrn	bc	blood	Increased	blood	Increased (blood)	False	430	480	CYP21A2		315306	Classic congenital adrenal hyperplasia due to 21-hydroxylase deficiency, salt wasting form	0.488	Disease-causing germline mutation(s) in	Assessed	2	201910	E25.0	Aldosterone	HMDB00037	CHEBI:27584	C01780	no_hpo_metabolite_term_for_disorder	
CYP21D	9	CYP21D '21-hydroxylase deficiency	1589.1	_P45021A1r;_P45021A2r;_RE2155R;_21HPRGNLONE;_HMR_1940;_HMR_1948;_HMR_1988;_HMR_1990;_HMR_1992;_HMR_2007	DM_crtsl[bc]	crtsl	bc	blood	Decreased	blood	Decreased (blood)	False	430	480	CYP21A2		315306	Classic congenital adrenal hyperplasia due to 21-hydroxylase deficiency, salt wasting form	0.488	Disease-causing germline mutation(s) in	Assessed	2	201910	E25.0	Cortisol	HMDB00063	CHEBI:17650	C00735	no_hpo_metabolite_term_for_disorder	
CYP21D	9	CYP21D '21-hydroxylase deficiency	1589.1	_P45021A1r;_P45021A2r;_RE2155R;_21HPRGNLONE;_HMR_1940;_HMR_1948;_HMR_1988;_HMR_1990;_HMR_1992;_HMR_2007	DM_prgstrn[bc]	prgstrn	bc	blood	Increased	blood	Increased (blood)	False	430	480	CYP21A2		315306	Classic congenital adrenal hyperplasia due to 21-hydroxylase deficiency, salt wasting form	0.488	Disease-causing germline mutation(s) in	Assessed	2	201910	E25.0	Progesterone	HMDB01830	CHEBI:17026	C00410	no_hpo_metabolite_term_for_disorder	
CYP21D	9	CYP21D '21-hydroxylase deficiency	1589.1	_P45021A1r;_P45021A2r;_RE2155R;_21HPRGNLONE;_HMR_1940;_HMR_1948;_HMR_1988;_HMR_1990;_HMR_1992;_HMR_2007	DM_andrstndn[bc]	andrstndn	bc	blood	Increased	blood	Increased (blood)	False	430	480	CYP21A2		315306	Classic congenital adrenal hyperplasia due to 21-hydroxylase deficiency, salt wasting form	0.488	Disease-causing germline mutation(s) in	Assessed	2	201910	E25.0	Androst-4-Ene-3,17-Dione	HMDB00053	CHEBI:16422	C00280	no_hpo_metabolite_term_for_disorder	
CYP21D	9	CYP21D '21-hydroxylase deficiency	1589.1	_P45021A1r;_P45021A2r;_RE2155R;_21HPRGNLONE;_HMR_1940;_HMR_1948;_HMR_1988;_HMR_1990;_HMR_1992;_HMR_2007	DM_andrstrn[bc]	andrstrn	bc	blood	Increased	blood	Increased (blood)	False	430	480	CYP21A2		315306	Classic congenital adrenal hyperplasia due to 21-hydroxylase deficiency, salt wasting form	0.488	Disease-causing germline mutation(s) in	Assessed	2	201910	E25.0	Androsterone	HMDB00031	CHEBI:16032	C00523	no_hpo_metabolite_term_for_disorder	
CYP21D	9	CYP21D '21-hydroxylase deficiency	1589.1	_P45021A1r;_P45021A2r;_RE2155R;_21HPRGNLONE;_HMR_1940;_HMR_1948;_HMR_1988;_HMR_1990;_HMR_1992;_HMR_2007	DM_dhea[bc]	dhea	bc	blood	Increased	blood	Increased (blood)	False	430	480	CYP21A2		315306	Classic congenital adrenal hyperplasia due to 21-hydroxylase deficiency, salt wasting form	0.488	Disease-causing germline mutation(s) in	Assessed	2	201910	E25.0	3Beta-Hydroxyandrost-5-En-17-One	HMDB00077	CHEBI:220467	C01227	no_hpo_metabolite_term_for_disorder	
HYCARO	10	Autosomal Dominant Hypercarotenemia And Vitamin A Deficiency	53630.1	_BCDO	DM_caro[bc]	caro	bc	blood	Increased	blood	Increased (blood)	False	482	511	BCO1		199285	Hereditary hypercarotenemia and vitamin A deficiency	0.768	Disease-causing germline mutation(s) (loss of function) in	Assessed	1	115300;277350	E50.8	Beta-Carotene				no_hpo_metabolite_term_for_disorder	
BTD	11	BTD Biotinidase Deficiency	686.1		DM_3ivcrn[bc]	3ivcrn	bc	blood	Increased	blood	Increased (blood)	False	513	574	BTD		79241	Biotinidase deficiency	0.917	Disease-causing germline mutation(s) in	Assessed	1	253260	E53.8	3-Hydroxy-Isovaleryl Carnitine				not_in_hpo_annotations	
BTD	11	BTD Biotinidase Deficiency	686.1		DM_acac[bc]	acac	bc	blood	Increased	blood	Increased (blood)	False	513	574	BTD		79241	Biotinidase deficiency	0.917	Disease-causing germline mutation(s) in	Assessed	1	253260	E53.8	Acetoacetate	HMDB00060	CHEBI:15344	C00164	not_in_hpo_annotations	
BTD	11	BTD Biotinidase Deficiency	686.1		DM_acetone[bc]	acetone	bc	blood	Increased	blood	Increased (blood)	False	513	574	BTD		79241	Biotinidase deficiency	0.917	Disease-causing germline mutation(s) in	Assessed	1	253260	E53.8	Acetone	HMDB01659	CHEBI:15347	C00207	not_in_hpo_annotations	
BTD	11	BTD Biotinidase Deficiency	686.1		DM_bhb[bc]	bhb	bc	blood	Increased	blood	Increased (blood)	False	513	574	BTD		79241	Biotinidase deficiency	0.917	Disease-causing germline mutation(s) in	Assessed	1	253260	E53.8	(R)-3-Hydroxybutyrate	HMDB00011	CHEBI:17066	C01089	not_in_hpo_annotations	
BTD	11	BTD Biotinidase Deficiency	686.1		EX_lac_L[u]	lac_L	u	urine	Increased	urine	Increased (urine)	True	513	574	BTD		79241	Biotinidase deficiency	0.917	Disease-causing germline mutation(s) in	Assessed	1	253260	E53.8	(S)-Lactate	HMDB00190	CHEBI:422	C00186	not_in_hpo_annotations	
BTD	11	BTD Biotinidase Deficiency	686.1		EX_nh4[u]	nh4	u	urine	Increased	urine	Increased (urine)	True	513	574	BTD		79241	Biotinidase deficiency	0.917	Disease-causing germline mutation(s) in	Assessed	1	253260	E53.8	Ammonium	HMDB00051	CHEBI:16134	C00014	not_in_hpo_annotations	
BTD	11	BTD Biotinidase Deficiency	686.1		EX_3hpp[u]	3hpp	u	urine	Increased	urine	Increased (urine)	True	513	574	BTD		79241	Biotinidase deficiency	0.917	Disease-causing germline mutation(s) in	Assessed	1	253260	E53.8	3-Hydroxypropionate	HMDB00700	CHEBI:33404	C01013	not_in_hpo_annotations	
BTD	11	BTD Biotinidase Deficiency	686.1		EX_CE2026[u]	CE2026	u	urine	Increased	urine	Increased (urine)	True	513	574	BTD		79241	Biotinidase deficiency	0.917	Disease-causing germline mutation(s) in	Assessed	1	253260	E53.8	3-Methylcrotonoylglycine				not_in_hpo_annotations	
BTD	11	BTD Biotinidase Deficiency	686.1		EX_2mcit[u]	2mcit	u	urine	Increased	urine	Increased (urine)	True	513	574	BTD		79241	Biotinidase deficiency	0.917	Disease-causing germline mutation(s) in	Assessed	1	253260	E53.8	2-Methylcitrate	HMDB00379	CHEBI:30835	C02225	not_in_hpo_annotations	
CRFD	12	CRFD Classic Refsum Disease	5264.1	_PHYHx;_RE3066X	DM_phyt[bc]	phyt	bc	blood	Increased	blood	Increased (blood)	False	577	608	PHYH		773	Adult Refsum disease	0.898	Disease-causing germline mutation(s) in	Assessed	1	266500;614879	G60.1	Phytanate	HMDB00801	CHEBI:16285	C01607	no_hpo_metabolite_term_for_disorder	
CRFD	12	CRFD Classic Refsum Disease	5264.1	_PHYHx;_RE3066X	DM_prist[bc]	prist	bc	blood	Decreased	blood	Decreased (blood)	False	577	608	PHYH		773	Adult Refsum disease	0.898	Disease-causing germline mutation(s) in	Assessed	1	266500;614879	G60.1	Pristanic Acid	HMDB00795	CHEBI:51340		no_hpo_metabolite_term_for_disorder	
STAR	13	STAR Congenital Lipoid Adrenal Hyperplasia (Clah)/ Star Deficiency	1538.1	_P45011A1m;_HMR_1928;_HMR_1929;_HMR_1932;_HMR_1934;_HMR_1935	DM_crtsl[bc]	crtsl	bc	blood	Decreased	blood	Decreased (blood)	False	611	654		1538						0			Cortisol	HMDB00063	CHEBI:17650	C00735	no_hpo_metabolite_term_for_disorder	
STAR	13	STAR Congenital Lipoid Adrenal Hyperplasia (Clah)/ Star Deficiency	1538.1	_P45011A1m;_HMR_1928;_HMR_1929;_HMR_1932;_HMR_1934;_HMR_1935	DM_crtstrn[bc]	crtstrn	bc	blood	Decreased	blood	Decreased (blood)	False	611	654		1538						0			Corticosterone		CHEBI:101161		no_hpo_metabolite_term_for_disorder	
STAR	13	STAR Congenital Lipoid Adrenal Hyperplasia (Clah)/ Star Deficiency	1538.1	_P45011A1m;_HMR_1928;_HMR_1929;_HMR_1932;_HMR_1934;_HMR_1935	DM_andrstndn[bc]	andrstndn	bc	blood	Decreased	blood	Decreased (blood)	False	611	654		1538						0			Androst-4-Ene-3,17-Dione	HMDB00053	CHEBI:16422	C00280	no_hpo_metabolite_term_for_disorder	
STAR	13	STAR Congenital Lipoid Adrenal Hyperplasia (Clah)/ Star Deficiency	1538.1	_P45011A1m;_HMR_1928;_HMR_1929;_HMR_1932;_HMR_1934;_HMR_1935	DM_dhea[bc]	dhea	bc	blood	Decreased	blood	Decreased (blood)	False	611	654		1538						0			3Beta-Hydroxyandrost-5-En-17-One	HMDB00077	CHEBI:220467	C01227	no_hpo_metabolite_term_for_disorder	
STAR	13	STAR Congenital Lipoid Adrenal Hyperplasia (Clah)/ Star Deficiency	1538.1	_P45011A1m;_HMR_1928;_HMR_1929;_HMR_1932;_HMR_1934;_HMR_1935	DM_11docrtstrn[bc]	11docrtstrn	bc	blood	Decreased	blood	Decreased (blood)	False	611	654		1538						0			11-Deoxycorticosterone		CHEBI:16973	C03205	no_hpo_metabolite_term_for_disorder	
CMO1	14	CMO1 Corticosterone Methyloxidase Type I Deficiency	1585.1	_P45011B21m	DM_aldstrn[bc]	aldstrn	bc	blood	Decreased	not detectable, blood	Decreased (Not detectable, blood)	False	656	686	CYP11B2		556030	Early-onset familial hypoaldosteronism	0.584	Disease-causing germline mutation(s) in	Assessed	2		E27.4	Aldosterone	HMDB00037	CHEBI:27584	C01780	corroborated	HP:0004319 Decreased circulating aldosterone level [Frequent (79-30%)]
DGK	15	DGK Deoxyguanosine Kinase Deficiency	1716.1	_r0456	DM_lac_L[bc]	lac_L	bc	blood	Increased	blood	Increased (blood)	False	688	720	DGUOK		329314	Adult-onset multiple mitochondrial DNA deletion syndrome due to DGUOK deficiency	0.404	Disease-causing germline mutation(s) in	Assessed	2	617070	G71.3	(S)-Lactate	HMDB00190	CHEBI:422	C00186	no_hpo_metabolite_term_for_disorder	
DPYR	16	DPYR Dihydropyrimidinuria	1807.1	_DHPM2	EX_thym[u]	thym	u	urine	Increased	urine	Increased (urine)	False	722	741	DPYS		38874	Dihydropyrimidinuria	0.889	Disease-causing germline mutation(s) (loss of function) in	Assessed	1	222748	E79.8	Thymine	HMDB00262	CHEBI:17821	C00178	corroborated	HP:6000119 Elevated urinary dihydrothymine level [Frequent (79-30%)]
DPYR	16	DPYR Dihydropyrimidinuria	1807.1	_DHPM2	EX_ura[u]	ura	u	urine	Increased	urine	Increased (urine)	False	722	741	DPYS		38874	Dihydropyrimidinuria	0.889	Disease-causing germline mutation(s) (loss of function) in	Assessed	1	222748	E79.8	Uracil	HMDB00300	CHEBI:17568	C00106	corroborated	HP:0012127 Uraciluria [Frequent (79-30%)]
DPYR	16	DPYR Dihydropyrimidinuria	1807.1	_DHPM2	EX_56dura[u]	56dura	u	urine	Increased	urine	Increased (urine)	False	722	741	DPYS		38874	Dihydropyrimidinuria	0.889	Disease-causing germline mutation(s) (loss of function) in	Assessed	1	222748	E79.8	5,6-Dihydrouracil	HMDB00076	CHEBI:15901	C00429	corroborated	HP:0012127 Uraciluria [Frequent (79-30%)]
DPYR	16	DPYR Dihydropyrimidinuria	1807.1	_DHPM2	EX_56dthm[u]	56dthm	u	urine	Increased	urine	Increased (urine)	False	722	741	DPYS		38874	Dihydropyrimidinuria	0.889	Disease-causing germline mutation(s) (loss of function) in	Assessed	1	222748	E79.8	5,6-Dihydrothymine	HMDB00079	CHEBI:27468	C00906	corroborated	HP:6000119 Elevated urinary dihydrothymine level [Frequent (79-30%)]
FED	17	FED Fish-Eye Disease/ Lcat Deficiency	3931.1		DM_chsterol[bc]	chsterol	bc	blood	Decreased	blood	Decreased (blood)	False	743	782	LCAT		79293	Familial LCAT deficiency	0.656	Disease-causing germline mutation(s) (loss of function) in	Assessed	2	245900	E78.6	Cholesterol	HMDB00067	CHEBI:1307929	C00187	no_hpo_metabolite_term_for_disorder	
FED	17	FED Fish-Eye Disease/ Lcat Deficiency	3931.1		DM_tag_hs[bc]	tag_hs	bc	blood	Increased	blood	Increased (blood)	False	743	782	LCAT		79293	Familial LCAT deficiency	0.656	Disease-causing germline mutation(s) (loss of function) in	Assessed	2	245900	E78.6	Triglyceride				no_hpo_metabolite_term_for_disorder	
EF	18	EF Fructosuria(Essential Fructosuria)	3795.1	_HMR_8761;_HMR_9800;_KHK;_KHK2;_KHK3	EX_fru[u]	fru	u	urine	Increased	urine	Increased (urine)	False	784	800	KHK		2056	Essential fructosuria	0.724	Disease-causing germline mutation(s) in	Assessed	1	229800	E74.1	D-Fructose	HMDB00660	CHEBI:28645	C02336	not_in_hpo_annotations	
FIGLU	19	FIGLU Glutamate Formiminotransferase Deficiency	10841.1	_FORTHFC;_GluForTx;_HMR_9726	EX_forglu[u]	forglu	u	urine	Increased	urine	Increased (urine)	False	802	818	FTCD		51208	Formiminoglutamic aciduria	0.932	Disease-causing germline mutation(s) in	Assessed	1	229100	E70.8	N-Formimidoyl-L-Glutamate	HMDB00854	CHEBI:7274	C00439	not_in_hpo_annotations	
GA1	20	GA1 Glutaric Acidemia Type I.	2639.1	_GLUTCOADHm;_r0541	EX_c5dc[u]	c5dc	u	urine	Increased	blood/urine	Increased (blood/urine)	True	820	852	GCDH		25	Glutaryl-CoA dehydrogenase deficiency	0.868	Disease-causing germline mutation(s) (loss of function) in	Assessed	1	231670	E72.3	Glutaryl Carnitine				corroborated	HP:0003150 Glutaric aciduria [Very frequent (99-80%)]
GA1	20	GA1 Glutaric Acidemia Type I.	2639.1	_GLUTCOADHm;_r0541	DM_c5dc[bc]	c5dc	bc	blood	Increased	blood/urine	Increased (blood/urine)	False	820	852	GCDH		25	Glutaryl-CoA dehydrogenase deficiency	0.868	Disease-causing germline mutation(s) (loss of function) in	Assessed	1	231670	E72.3	Glutaryl Carnitine				corroborated_other_biofluid	HP:0003150 Glutaric aciduria [Very frequent (99-80%)]
GA2	21	GA2 Glutaric Acidemia Type II	2108.1	_ETF;_FADH2ETC	DM_c10crn[bc]	c10crn	bc	blood	Increased	blood	Increased (blood)	False	854	917	ETFA		394532	Multiple acyl-CoA dehydrogenase deficiency, mild type	0.688	Disease-causing germline mutation(s) in	Assessed	2	231680;255100	E71.3	Decanoyl Carnitine	HMDB00651			no_hpo_metabolite_term_for_disorder	
GA2	21	GA2 Glutaric Acidemia Type II	2108.1	_ETF;_FADH2ETC	DM_c4crn[bc]	c4crn	bc	blood	Increased	blood	Increased (blood)	False	854	917	ETFA		394532	Multiple acyl-CoA dehydrogenase deficiency, mild type	0.688	Disease-causing germline mutation(s) in	Assessed	2	231680;255100	E71.3	Butyryl Carnitine	HMDB02013		C02862	no_hpo_metabolite_term_for_disorder	
GA2	21	GA2 Glutaric Acidemia Type II	2108.1	_ETF;_FADH2ETC	DM_ddeccrn[bc]	ddeccrn	bc	blood	Increased	blood	Increased (blood)	False	854	917	ETFA		394532	Multiple acyl-CoA dehydrogenase deficiency, mild type	0.688	Disease-causing germline mutation(s) in	Assessed	2	231680;255100	E71.3	Lauroyl Carnitine				no_hpo_metabolite_term_for_disorder	
GA2	21	GA2 Glutaric Acidemia Type II	2108.1	_ETF;_FADH2ETC	DM_ttdcrn[bc]	ttdcrn	bc	blood	Increased	blood	Increased (blood)	False	854	917	ETFA		394532	Multiple acyl-CoA dehydrogenase deficiency, mild type	0.688	Disease-causing germline mutation(s) in	Assessed	2	231680;255100	E71.3	Tetradecenoylcarnitine(5)				no_hpo_metabolite_term_for_disorder	
GA2	21	GA2 Glutaric Acidemia Type II	2108.1	_ETF;_FADH2ETC	DM_pmtcrn[bc]	pmtcrn	bc	blood	Increased	blood	Increased (blood)	False	854	917	ETFA		394532	Multiple acyl-CoA dehydrogenase deficiency, mild type	0.688	Disease-causing germline mutation(s) in	Assessed	2	231680;255100	E71.3	L-Palmitoylcarnitine	HMDB00222	CHEBI:17490	C02990	no_hpo_metabolite_term_for_disorder	
GA2	21	GA2 Glutaric Acidemia Type II	2108.1	_ETF;_FADH2ETC	EX_4hpro_LT[u]	4hpro_LT	u	urine	Increased	urine	Increased (urine)	True	854	917	ETFA		394532	Multiple acyl-CoA dehydrogenase deficiency, mild type	0.688	Disease-causing germline mutation(s) in	Assessed	2	231680;255100	E71.3	Trans-4-Hydroxy-L-Proline	HMDB00725	CHEBI:18095	C01157	no_hpo_metabolite_term_for_disorder	
GA2	21	GA2 Glutaric Acidemia Type II	2108.1	_ETF;_FADH2ETC	EX_3hivac[u]	3hivac	u	urine	Increased	urine	Increased (urine)	True	854	917	ETFA		394532	Multiple acyl-CoA dehydrogenase deficiency, mild type	0.688	Disease-causing germline mutation(s) in	Assessed	2	231680;255100	E71.3	3-Hydroxyisovaleric Acid				no_hpo_metabolite_term_for_disorder	
GA2	21	GA2 Glutaric Acidemia Type II	2108.1	_ETF;_FADH2ETC	EX_CE4970[u]	CE4970	u	urine	Increased	urine	Increased (urine)	True	854	917	ETFA		394532	Multiple acyl-CoA dehydrogenase deficiency, mild type	0.688	Disease-causing germline mutation(s) in	Assessed	2	231680;255100	E71.3	2-Methylbutyrylglycine	HMDB00339	CHEBI:240943		no_hpo_metabolite_term_for_disorder	
GA2	21	GA2 Glutaric Acidemia Type II	2108.1	_ETF;_FADH2ETC	EX_CE4969[u]	CE4969	u	urine	Increased	urine	Increased (urine)	True	854	917	ETFA		394532	Multiple acyl-CoA dehydrogenase deficiency, mild type	0.688	Disease-causing germline mutation(s) in	Assessed	2	231680;255100	E71.3	Isobutyrylglycine	HMDB00730			no_hpo_metabolite_term_for_disorder	
GA2	21	GA2 Glutaric Acidemia Type II	2108.1	_ETF;_FADH2ETC	EX_CE4968[u]	CE4968	u	urine	Increased	urine	Increased (urine)	True	854	917	ETFA		394532	Multiple acyl-CoA dehydrogenase deficiency, mild type	0.688	Disease-causing germline mutation(s) in	Assessed	2	231680;255100	E71.3	Isovalerylglycine	HMDB00678			no_hpo_metabolite_term_for_disorder	
GA2	21	GA2 Glutaric Acidemia Type II	2108.1	_ETF;_FADH2ETC	EX_ethmalac[u]	ethmalac	u	urine	Increased	urine	Increased (urine)	True	854	917	ETFA		394532	Multiple acyl-CoA dehydrogenase deficiency, mild type	0.688	Disease-causing germline mutation(s) in	Assessed	2	231680;255100	E71.3	Ethylmalonic Acid				no_hpo_metabolite_term_for_disorder	
GA2	21	GA2 Glutaric Acidemia Type II	2108.1	_ETF;_FADH2ETC	EX_adpac[u]	adpac	u	urine	Increased	urine	Increased (urine)	True	854	917	ETFA		394532	Multiple acyl-CoA dehydrogenase deficiency, mild type	0.688	Disease-causing germline mutation(s) in	Assessed	2	231680;255100	E71.3	Adipic Acid	HMDB00448	CHEBI:30832	C06104	no_hpo_metabolite_term_for_disorder	
GA2	21	GA2 Glutaric Acidemia Type II	2108.1	_ETF;_FADH2ETC	EX_subeac[u]	subeac	u	urine	Increased	urine	Increased (urine)	True	854	917	ETFA		394532	Multiple acyl-CoA dehydrogenase deficiency, mild type	0.688	Disease-causing germline mutation(s) in	Assessed	2	231680;255100	E71.3	Suberic Acid	HMDB00893	CHEBI:9300	C08278	no_hpo_metabolite_term_for_disorder	
GA2	21	GA2 Glutaric Acidemia Type II	2108.1	_ETF;_FADH2ETC	EX_sebacid[u]	sebacid	u	urine	Increased	urine	Increased (urine)	True	854	917	ETFA		394532	Multiple acyl-CoA dehydrogenase deficiency, mild type	0.688	Disease-causing germline mutation(s) in	Assessed	2	231680;255100	E71.3	Sebacicacid	HMDB00792	CHEBI:41865	C08277	no_hpo_metabolite_term_for_disorder	
GA2	21	GA2 Glutaric Acidemia Type II	2108.1	_ETF;_FADH2ETC	EX_pro_L[u]	pro_L	u	urine	Increased	urine	Increased (urine)	True	854	917	ETFA		394532	Multiple acyl-CoA dehydrogenase deficiency, mild type	0.688	Disease-causing germline mutation(s) in	Assessed	2	231680;255100	E71.3	L-Proline	HMDB00162	CHEBI:17203	C00148	no_hpo_metabolite_term_for_disorder	
OXOP	22	OXOP Glutathione Synthetase Deficiency And 5-Oxoprolinuria	2937.1	_GTHS	EX_5oxpro[u]	5oxpro	u	urine	Increased	urine	Increased (urine)	False	919	966	GSS		289846	Glutathione synthetase deficiency with 5-oxoprolinuria	0.893	Disease-causing germline mutation(s) (loss of function) in	Assessed	2	266130	D55.1	5-Oxoprolinate	HMDB00267	CHEBI:18183	C01879	no_hpo_metabolite_term_for_disorder	
OXOP	22	OXOP Glutathione Synthetase Deficiency And 5-Oxoprolinuria	2937.1	_GTHS	EX_leuktrE4[u]	leuktrE4	u	urine	Increased	urine/blood	Increased (urine/blood)	True	919	966	GSS		289846	Glutathione synthetase deficiency with 5-oxoprolinuria	0.893	Disease-causing germline mutation(s) (loss of function) in	Assessed	2	266130	D55.1	Leukotriene E4	HMDB02200	CHEBI:15650	C05952	no_hpo_metabolite_term_for_disorder	
OXOP	22	OXOP Glutathione Synthetase Deficiency And 5-Oxoprolinuria	2937.1	_GTHS	EX_leuktrC4[u]	leuktrC4	u	urine	Increased	urine/blood	Increased (urine/blood)	True	919	966	GSS		289846	Glutathione synthetase deficiency with 5-oxoprolinuria	0.893	Disease-causing germline mutation(s) (loss of function) in	Assessed	2	266130	D55.1	Leukotriene C4	HMDB01198	CHEBI:16978	C02166	no_hpo_metabolite_term_for_disorder	
OXOP	22	OXOP Glutathione Synthetase Deficiency And 5-Oxoprolinuria	2937.1	_GTHS	DM_5oxpro[bc]	5oxpro	bc	blood	Decreased	blood	Decreased (blood)	False	919	966	GSS		289846	Glutathione synthetase deficiency with 5-oxoprolinuria	0.893	Disease-causing germline mutation(s) (loss of function) in	Assessed	2	266130	D55.1	5-Oxoprolinate	HMDB00267	CHEBI:18183	C01879	no_hpo_metabolite_term_for_disorder	
OXOP	22	OXOP Glutathione Synthetase Deficiency And 5-Oxoprolinuria	2937.1	_GTHS	DM_leuktrE4[bc]	leuktrE4	bc	blood	Increased	urine/blood	Increased (urine/blood)	False	919	966	GSS		289846	Glutathione synthetase deficiency with 5-oxoprolinuria	0.893	Disease-causing germline mutation(s) (loss of function) in	Assessed	2	266130	D55.1	Leukotriene E4	HMDB02200	CHEBI:15650	C05952	no_hpo_metabolite_term_for_disorder	
OXOP	22	OXOP Glutathione Synthetase Deficiency And 5-Oxoprolinuria	2937.1	_GTHS	DM_leuktrC4[bc]	leuktrC4	bc	blood	Increased	urine/blood	Increased (urine/blood)	False	919	966	GSS		289846	Glutathione synthetase deficiency with 5-oxoprolinuria	0.893	Disease-causing germline mutation(s) (loss of function) in	Assessed	2	266130	D55.1	Leukotriene C4	HMDB01198	CHEBI:16978	C02166	no_hpo_metabolite_term_for_disorder	
OXOP	22	OXOP Glutathione Synthetase Deficiency And 5-Oxoprolinuria	2937.1	_GTHS	DM_leuktrD4[bc]	leuktrD4	bc	blood	Increased	urine/blood	Increased (urine/blood)	False	919	966	GSS		289846	Glutathione synthetase deficiency with 5-oxoprolinuria	0.893	Disease-causing germline mutation(s) (loss of function) in	Assessed	2	266130	D55.1	Leukotriene D4		CHEBI:28666	C05951	no_hpo_metabolite_term_for_disorder	
OXOP	22	OXOP Glutathione Synthetase Deficiency And 5-Oxoprolinuria	2937.1	_GTHS	DM_pro_L[bc]	pro_L	bc	blood	Increased	blood	Increased (blood)	False	919	966	GSS		289846	Glutathione synthetase deficiency with 5-oxoprolinuria	0.893	Disease-causing germline mutation(s) (loss of function) in	Assessed	2	266130	D55.1	L-Proline	HMDB00162	CHEBI:17203	C00148	no_hpo_metabolite_term_for_disorder	
GSD6	23	GSD6 Glycogen Storage Disease Type 6/Hers Disease	178.1	_r1393	EX_acac[u]	acac	u	urine	Increased	urine	Increased (urine)	True	968	1012	AGL		366	Glycogen storage disease due to glycogen debranching enzyme deficiency	0.756	Disease-causing germline mutation(s) in	Assessed	1	232400	E74.0	Acetoacetate	HMDB00060	CHEBI:15344	C00164	not_in_hpo_annotations	
GSD6	23	GSD6 Glycogen Storage Disease Type 6/Hers Disease	178.1	_r1393	EX_acetone[u]	acetone	u	urine	Increased	urine	Increased (urine)	True	968	1012	AGL		366	Glycogen storage disease due to glycogen debranching enzyme deficiency	0.756	Disease-causing germline mutation(s) in	Assessed	1	232400	E74.0	Acetone	HMDB01659	CHEBI:15347	C00207	not_in_hpo_annotations	
GSD6	23	GSD6 Glycogen Storage Disease Type 6/Hers Disease	178.1	_r1393	EX_bhb[u]	bhb	u	urine	Increased	urine	Increased (urine)	True	968	1012	AGL		366	Glycogen storage disease due to glycogen debranching enzyme deficiency	0.756	Disease-causing germline mutation(s) in	Assessed	1	232400	E74.0	(R)-3-Hydroxybutyrate	HMDB00011	CHEBI:17066	C01089	not_in_hpo_annotations	
GSD6	23	GSD6 Glycogen Storage Disease Type 6/Hers Disease	178.1	_r1393	DM_chsterol[bc]	chsterol	bc	blood	Increased	blood	Increased (blood)	False	968	1012	AGL		366	Glycogen storage disease due to glycogen debranching enzyme deficiency	0.756	Disease-causing germline mutation(s) in	Assessed	1	232400	E74.0	Cholesterol	HMDB00067	CHEBI:1307929	C00187	not_in_hpo_annotations	
GSD6	23	GSD6 Glycogen Storage Disease Type 6/Hers Disease	178.1	_r1393	DM_glc_D[bc]	glc_D	bc	blood	Increased	blood	Increased (blood)	False	968	1012	AGL		366	Glycogen storage disease due to glycogen debranching enzyme deficiency	0.756	Disease-causing germline mutation(s) in	Assessed	1	232400	E74.0	D-Glucose	HMDB00122	CHEBI:4167	C00031	direction_conflict	HP:0001943 Hypoglycemia [Very frequent (99-80%)]
GSD6	23	GSD6 Glycogen Storage Disease Type 6/Hers Disease	178.1	_r1393	DM_lac_L[bc]	lac_L	bc	blood	Increased	blood	Increased (blood)	False	968	1012	AGL		366	Glycogen storage disease due to glycogen debranching enzyme deficiency	0.756	Disease-causing germline mutation(s) in	Assessed	1	232400	E74.0	(S)-Lactate	HMDB00190	CHEBI:422	C00186	not_in_hpo_annotations	
GMT	24	GMT Guanidinoacetate Methyltransferase Deficiency	2593.1	_GACMTRc	EX_creat[u]	creat	u	urine	Decreased	urine/blood	Decreased (urine/blood)	True	1015	1054	GAMT		382	Guanidinoacetate methyltransferase deficiency	0.957	Disease-causing germline mutation(s) in	Assessed	1	612736	E72.8	Creatine	HMDB00064	CHEBI:16919	C00300	no_hpo_metabolite_term_for_disorder	
GMT	24	GMT Guanidinoacetate Methyltransferase Deficiency	2593.1	_GACMTRc	DM_creat[bc]	creat	bc	blood	Decreased	urine/blood	Decreased (urine/blood)	False	1015	1054	GAMT		382	Guanidinoacetate methyltransferase deficiency	0.957	Disease-causing germline mutation(s) in	Assessed	1	612736	E72.8	Creatine	HMDB00064	CHEBI:16919	C00300	no_hpo_metabolite_term_for_disorder	
GMT	24	GMT Guanidinoacetate Methyltransferase Deficiency	2593.1	_GACMTRc	DM_crtn[bc]	crtn	bc	blood	Increased	blood	Increased (blood)	False	1015	1054	GAMT		382	Guanidinoacetate methyltransferase deficiency	0.957	Disease-causing germline mutation(s) in	Assessed	1	612736	E72.8	Creatinine	HMDB00562	CHEBI:16737	C00791	no_hpo_metabolite_term_for_disorder	
GMT	24	GMT Guanidinoacetate Methyltransferase Deficiency	2593.1	_GACMTRc	EX_urate[u]	urate	u	urine	Increased	urine	Increased (urine)	True	1015	1054	GAMT		382	Guanidinoacetate methyltransferase deficiency	0.957	Disease-causing germline mutation(s) in	Assessed	1	612736	E72.8	Urate	HMDB00289	CHEBI:17775	C00366	no_hpo_metabolite_term_for_disorder	
GMT	24	GMT Guanidinoacetate Methyltransferase Deficiency	2593.1	_GACMTRc	EX_gudac[u]	gudac	u	urine	Increased	urine	Increased (urine)	True	1015	1054	GAMT		382	Guanidinoacetate methyltransferase deficiency	0.957	Disease-causing germline mutation(s) in	Assessed	1	612736	E72.8	Guanidinoacetic Acid	HMDB00128	CHEBI:16344	C00581	no_hpo_metabolite_term_for_disorder	
GACR	25	GACR Gyrate Atrophy Of The Choroid And Retina	4942.1	_ORNTArm	EX_arg_L[u]	arg_L	u	urine	Increased	urine	Increased (urine)	False	1055	1100	OAT		414	Gyrate atrophy of choroid and retina	0.889	Disease-causing germline mutation(s) in	Assessed	1	258870	E72.4	L-Arginine	HMDB00517	CHEBI:16467	C00062	not_in_hpo_annotations	
GACR	25	GACR Gyrate Atrophy Of The Choroid And Retina	4942.1	_ORNTArm	DM_gln_L[bc]	gln_L	bc	blood	Decreased	blood	Decreased (blood)	False	1055	1100	OAT		414	Gyrate atrophy of choroid and retina	0.889	Disease-causing germline mutation(s) in	Assessed	1	258870	E72.4	L-Glutamine	HMDB00641	CHEBI:18050	C00064	not_in_hpo_annotations	
GACR	25	GACR Gyrate Atrophy Of The Choroid And Retina	4942.1	_ORNTArm	EX_glu_L[u]	glu_L	u	urine	Decreased	blood	Decreased (blood)	True	1055	1100	OAT		414	Gyrate atrophy of choroid and retina	0.889	Disease-causing germline mutation(s) in	Assessed	1	258870	E72.4	L-Glutamate	HMDB00148	CHEBI:16015	C00025	not_in_hpo_annotations	
GACR	25	GACR Gyrate Atrophy Of The Choroid And Retina	4942.1	_ORNTArm	EX_lys_L[u]	lys_L	u	urine	Decreased	urine/blood	Decreased (urine/blood)	True	1055	1100	OAT		414	Gyrate atrophy of choroid and retina	0.889	Disease-causing germline mutation(s) in	Assessed	1	258870	E72.4	L-Lysine	HMDB00182	CHEBI:18019	C00047	not_in_hpo_annotations	
GACR	25	GACR Gyrate Atrophy Of The Choroid And Retina	4942.1	_ORNTArm	DM_lys_L[bc]	lys_L	bc	blood	Decreased	urine/blood	Decreased (urine/blood)	False	1055	1100	OAT		414	Gyrate atrophy of choroid and retina	0.889	Disease-causing germline mutation(s) in	Assessed	1	258870	E72.4	L-Lysine	HMDB00182	CHEBI:18019	C00047	not_in_hpo_annotations	
GACR	25	GACR Gyrate Atrophy Of The Choroid And Retina	4942.1	_ORNTArm	EX_orn[u]	orn	u	urine	Increased	urine/blood/csf	Increased (urine/blood/CSF)	True	1055	1100	OAT		414	Gyrate atrophy of choroid and retina	0.889	Disease-causing germline mutation(s) in	Assessed	1	258870	E72.4	Ornithine	HMDB00214	CHEBI:15729	C00077	corroborated_other_biofluid	HP:0012026 Hyperornithinemia [Very frequent (99-80%)]
GACR	25	GACR Gyrate Atrophy Of The Choroid And Retina	4942.1	_ORNTArm	DM_orn[bc]	orn	bc	blood	Increased	urine/blood/csf	Increased (urine/blood/CSF)	False	1055	1100	OAT		414	Gyrate atrophy of choroid and retina	0.889	Disease-causing germline mutation(s) in	Assessed	1	258870	E72.4	Ornithine	HMDB00214	CHEBI:15729	C00077	corroborated	HP:0012026 Hyperornithinemia [Very frequent (99-80%)]
GACR	25	GACR Gyrate Atrophy Of The Choroid And Retina	4942.1	_ORNTArm	DM_orn[csf]	orn	csf	csf	Increased	csf	Increased (CSF)	False	1055	1100	OAT		414	Gyrate atrophy of choroid and retina	0.889	Disease-causing germline mutation(s) in	Assessed	1	258870	E72.4	Ornithine	HMDB00214	CHEBI:15729	C00077	corroborated_other_biofluid	HP:0012026 Hyperornithinemia [Very frequent (99-80%)]
HFI	26	HFI Hereditary Fructose Intolerance	229.1	_FBA5	EX_fru[u]	fru	u	urine	Increased	urine/blood	Increased (urine/blood)	True	1102	1135	ALDOB		469	Hereditary fructose intolerance	0.939	Disease-causing germline mutation(s) in	Assessed	1	229600	E74.1	D-Fructose	HMDB00660	CHEBI:28645	C02336	not_in_hpo_annotations	
HFI	26	HFI Hereditary Fructose Intolerance	229.1	_FBA5	DM_fru[bc]	fru	bc	blood	Increased	urine/blood	Increased (urine/blood)	False	1102	1135	ALDOB		469	Hereditary fructose intolerance	0.939	Disease-causing germline mutation(s) in	Assessed	1	229600	E74.1	D-Fructose	HMDB00660	CHEBI:28645	C02336	not_in_hpo_annotations	
HMG	27	HMG Hmg-Coa Lyase Deficiency	3155.1	_HMGLx	DM_c6dc[bc]	c6dc	bc	blood	Increased	blood	Increased (blood)	False	1137	1170	HMGCL		20	3-hydroxy-3-methylglutaric aciduria	0.923	Disease-causing germline mutation(s) in	Assessed	1	246450	E71.1	Adipoyl Carnitine				not_in_hpo_annotations	
HMG	27	HMG Hmg-Coa Lyase Deficiency	3155.1	_HMGLx	EX_adpac[u]	adpac	u	urine	Increased	urine	Increased (urine)	True	1137	1170	HMGCL		20	3-hydroxy-3-methylglutaric aciduria	0.923	Disease-causing germline mutation(s) in	Assessed	1	246450	E71.1	Adipic Acid	HMDB00448	CHEBI:30832	C06104	not_in_hpo_annotations	
HCYS	28	HCYS Homocystinuria	875.1	_CYSTS;_SELCYSTS	DM_met_L[bc]	met_L	bc	blood	Increased	blood	Increased (blood)	False	1172	1218	CBS		394	Homocystinuria due to cystathionine beta-synthase deficiency	0.791	Disease-causing germline mutation(s) in	Assessed	1	236200	E72.1	L-Methionine	HMDB00696	CHEBI:16643	C00073	not_in_hpo_annotations	
HCYS	28	HCYS Homocystinuria	875.1	_CYSTS;_SELCYSTS	DM_orn[bc]	orn	bc	blood	Increased	blood	Increased (blood)	False	1172	1218	CBS		394	Homocystinuria due to cystathionine beta-synthase deficiency	0.791	Disease-causing germline mutation(s) in	Assessed	1	236200	E72.1	Ornithine	HMDB00214	CHEBI:15729	C00077	not_in_hpo_annotations	
HCYS	28	HCYS Homocystinuria	875.1	_CYSTS;_SELCYSTS	EX_Lhcystin[u]	Lhcystin	u	urine	Increased	urine/blood	Increased (urine/blood)	True	1172	1218	CBS		394	Homocystinuria due to cystathionine beta-synthase deficiency	0.791	Disease-causing germline mutation(s) in	Assessed	1	236200	E72.1	L-Homocystine				corroborated_other_biofluid	HP:0002160 Hyperhomocystinemia [Very frequent (99-80%)]
HCYS	28	HCYS Homocystinuria	875.1	_CYSTS;_SELCYSTS	DM_Lhcystin[bc]	Lhcystin	bc	blood	Increased	urine/blood	Increased (urine/blood)	False	1172	1218	CBS		394	Homocystinuria due to cystathionine beta-synthase deficiency	0.791	Disease-causing germline mutation(s) in	Assessed	1	236200	E72.1	L-Homocystine				corroborated	HP:0002160 Hyperhomocystinemia [Very frequent (99-80%)]
HCYS	28	HCYS Homocystinuria	875.1	_CYSTS;_SELCYSTS	EX_hcys_L[u]	hcys_L	u	urine	Increased	urine/blood	Increased (urine/blood)	True	1172	1218	CBS		394	Homocystinuria due to cystathionine beta-synthase deficiency	0.791	Disease-causing germline mutation(s) in	Assessed	1	236200	E72.1	L-Homocysteine	HMDB00742	CHEBI:17230	C00155	not_in_hpo_annotations	
HCYS	28	HCYS Homocystinuria	875.1	_CYSTS;_SELCYSTS	DM_hcys_L[bc]	hcys_L	bc	blood	Increased	urine/blood	Increased (urine/blood)	False	1172	1218	CBS		394	Homocystinuria due to cystathionine beta-synthase deficiency	0.791	Disease-causing germline mutation(s) in	Assessed	1	236200	E72.1	L-Homocysteine	HMDB00742	CHEBI:17230	C00155	not_in_hpo_annotations	
HCYS	28	HCYS Homocystinuria	875.1	_CYSTS;_SELCYSTS	EX_cyst_L[u]	cyst_L	u	urine	Decreased	urine	Decreased (urine)	True	1172	1218	CBS		394	Homocystinuria due to cystathionine beta-synthase deficiency	0.791	Disease-causing germline mutation(s) in	Assessed	1	236200	E72.1	L-Cystathionine	HMDB00099	CHEBI:17482	C02291	not_in_hpo_annotations	
HLYS1	29	HLYS1 Hyperlysinemia I, Familial	10157.1	_SACCD3m;_SACCD4m;_r0525	EX_lys_L[u]	lys_L	u	urine	Increased	urine/blood	Increased (urine/blood)	True	1219	1253	AASS		3124	Saccharopinuria	0.63	Disease-causing germline mutation(s) in	Assessed	2	268700	E72.3	L-Lysine	HMDB00182	CHEBI:18019	C00047	corroborated_other_biofluid	HP:0002161 Hyperlysinemia [Very frequent (99-80%)]
HLYS1	29	HLYS1 Hyperlysinemia I, Familial	10157.1	_SACCD3m;_SACCD4m;_r0525	DM_lys_L[bc]	lys_L	bc	blood	Increased	urine/blood	Increased (urine/blood)	False	1219	1253	AASS		3124	Saccharopinuria	0.63	Disease-causing germline mutation(s) in	Assessed	2	268700	E72.3	L-Lysine	HMDB00182	CHEBI:18019	C00047	corroborated	HP:0002161 Hyperlysinemia [Very frequent (99-80%)]
HLYS1	29	HLYS1 Hyperlysinemia I, Familial	10157.1	_SACCD3m;_SACCD4m;_r0525	DM_Lpipecol[bc]	Lpipecol	bc	blood	Increased	blood	Increased (blood)	False	1219	1253	AASS		3124	Saccharopinuria	0.63	Disease-causing germline mutation(s) in	Assessed	2	268700	E72.3	L-Pipecolic Acid	HMDB00716	CHEBI:30913	C00408	not_in_hpo_annotations	
HLYS2	30	HLYS2 Hyperlysinemia II Or Saccharopinuria	10157.1	_SACCD3m;_SACCD4m;_r0525	EX_citr_L[u]	citr_L	u	urine	Increased	urine/blood	Increased (urine/blood)	True	1255	1292	AASS		3124	Saccharopinuria	0.531	Disease-causing germline mutation(s) in	Assessed	2	268700	E72.3	L-Citrulline	HMDB00904	CHEBI:16349	C00327	corroborated	HP:0032397 Citrullinuria [Occasional (29-5%)]
HLYS2	30	HLYS2 Hyperlysinemia II Or Saccharopinuria	10157.1	_SACCD3m;_SACCD4m;_r0525	EX_lys_L[u]	lys_L	u	urine	Increased	urine/blood	Increased (urine/blood)	True	1255	1292	AASS		3124	Saccharopinuria	0.531	Disease-causing germline mutation(s) in	Assessed	2	268700	E72.3	L-Lysine	HMDB00182	CHEBI:18019	C00047	corroborated_other_biofluid	HP:0002161 Hyperlysinemia [Very frequent (99-80%)]
HLYS2	30	HLYS2 Hyperlysinemia II Or Saccharopinuria	10157.1	_SACCD3m;_SACCD4m;_r0525	DM_citr_L[bc]	citr_L	bc	blood	Increased	urine/blood	Increased (urine/blood)	False	1255	1292	AASS		3124	Saccharopinuria	0.531	Disease-causing germline mutation(s) in	Assessed	2	268700	E72.3	L-Citrulline	HMDB00904	CHEBI:16349	C00327	corroborated	HP:0011966 Elevated plasma citrulline [Occasional (29-5%)]
HLYS2	30	HLYS2 Hyperlysinemia II Or Saccharopinuria	10157.1	_SACCD3m;_SACCD4m;_r0525	DM_lys_L[bc]	lys_L	bc	blood	Increased	urine/blood	Increased (urine/blood)	False	1255	1292	AASS		3124	Saccharopinuria	0.531	Disease-causing germline mutation(s) in	Assessed	2	268700	E72.3	L-Lysine	HMDB00182	CHEBI:18019	C00047	corroborated	HP:0002161 Hyperlysinemia [Very frequent (99-80%)]
HYPRO1	31	HYPRO1 Hyperprolinemia Type I	5625.1	_r1453;_PROD2m;_PRO1xm	EX_4hpro_LT[u]	4hpro_LT	u	urine	Increased	urine	Increased (urine)	True	1294	1331	PRODH		419	Hyperprolinemia type 1	0.824	Disease-causing germline mutation(s) in	Assessed	1	239500	E72.5	Trans-4-Hydroxy-L-Proline	HMDB00725	CHEBI:18095	C01157	corroborated	HP:0003137 Prolinuria [Frequent (79-30%)]
HYPRO1	31	HYPRO1 Hyperprolinemia Type I	5625.1	_r1453;_PROD2m;_PRO1xm	EX_gly[u]	gly	u	urine	Increased	urine	Increased (urine)	True	1294	1331	PRODH		419	Hyperprolinemia type 1	0.824	Disease-causing germline mutation(s) in	Assessed	1	239500	E72.5	Glycine	HMDB00123	CHEBI:15428	C00037	not_in_hpo_annotations	
HYPRO1	31	HYPRO1 Hyperprolinemia Type I	5625.1	_r1453;_PROD2m;_PRO1xm	EX_pro_L[u]	pro_L	u	urine	Increased	urine/blood	Increased (urine/blood)	True	1294	1331	PRODH		419	Hyperprolinemia type 1	0.824	Disease-causing germline mutation(s) in	Assessed	1	239500	E72.5	L-Proline	HMDB00162	CHEBI:17203	C00148	corroborated	HP:0003137 Prolinuria [Frequent (79-30%)]
HYPRO1	31	HYPRO1 Hyperprolinemia Type I	5625.1	_r1453;_PROD2m;_PRO1xm	DM_pro_L[bc]	pro_L	bc	blood	Increased	urine/blood	Increased (urine/blood)	False	1294	1331	PRODH		419	Hyperprolinemia type 1	0.824	Disease-causing germline mutation(s) in	Assessed	1	239500	E72.5	L-Proline	HMDB00162	CHEBI:17203	C00148	corroborated	HP:0008358 Hyperprolinemia [Frequent (79-30%)]
HPII	32	HPII Hyperprolinemia Type Ii	8659.1	_P5CDm;_PHCDm;_r0686;_4HGLSDm;_r0074	EX_4hpro_LT[u]	4hpro_LT	u	urine	Increased	urine	Increased (urine)	False	1333	1373	ALDH4A1		79101	Hyperprolinemia type 2	0.84	Disease-causing germline mutation(s) in	Assessed	1	239510	E72.5	Trans-4-Hydroxy-L-Proline	HMDB00725	CHEBI:18095	C01157	corroborated	HP:0003137 Prolinuria [Very frequent (99-80%)]
HPII	32	HPII Hyperprolinemia Type Ii	8659.1	_P5CDm;_PHCDm;_r0686;_4HGLSDm;_r0074	EX_gly[u]	gly	u	urine	Increased	urine	Increased (urine)	True	1333	1373	ALDH4A1		79101	Hyperprolinemia type 2	0.84	Disease-causing germline mutation(s) in	Assessed	1	239510	E72.5	Glycine	HMDB00123	CHEBI:15428	C00037	corroborated_other_biofluid	HP:0002154 Hyperglycinemia [Frequent (79-30%)]
HPII	32	HPII Hyperprolinemia Type Ii	8659.1	_P5CDm;_PHCDm;_r0686;_4HGLSDm;_r0074	EX_orn[u]	orn	u	urine	Increased	urine/blood	Increased (urine/blood)	True	1333	1373	ALDH4A1		79101	Hyperprolinemia type 2	0.84	Disease-causing germline mutation(s) in	Assessed	1	239510	E72.5	Ornithine	HMDB00214	CHEBI:15729	C00077	not_in_hpo_annotations	
HPII	32	HPII Hyperprolinemia Type Ii	8659.1	_P5CDm;_PHCDm;_r0686;_4HGLSDm;_r0074	EX_pro_L[u]	pro_L	u	urine	Increased	urine/blood	Increased (urine/blood)	True	1333	1373	ALDH4A1		79101	Hyperprolinemia type 2	0.84	Disease-causing germline mutation(s) in	Assessed	1	239510	E72.5	L-Proline	HMDB00162	CHEBI:17203	C00148	corroborated	HP:0003137 Prolinuria [Very frequent (99-80%)]
HPII	32	HPII Hyperprolinemia Type Ii	8659.1	_P5CDm;_PHCDm;_r0686;_4HGLSDm;_r0074	DM_orn[bc]	orn	bc	blood	Increased	urine/blood	Increased (urine/blood)	False	1333	1373	ALDH4A1		79101	Hyperprolinemia type 2	0.84	Disease-causing germline mutation(s) in	Assessed	1	239510	E72.5	Ornithine	HMDB00214	CHEBI:15729	C00077	not_in_hpo_annotations	
HPII	32	HPII Hyperprolinemia Type Ii	8659.1	_P5CDm;_PHCDm;_r0686;_4HGLSDm;_r0074	DM_pro_L[bc]	pro_L	bc	blood	Increased	urine/blood	Increased (urine/blood)	False	1333	1373	ALDH4A1		79101	Hyperprolinemia type 2	0.84	Disease-causing germline mutation(s) in	Assessed	1	239510	E72.5	L-Proline	HMDB00162	CHEBI:17203	C00148	corroborated	HP:0008358 Hyperprolinemia [Very frequent (99-80%)]
IVA	33	IVA Isovaleric Acidemia	3712.1	_ACOAD8m	EX_3bcrn[u]	3bcrn	u	urine	Increased	urine	Increased (urine)	True	1375	1412	IVD		33	Isovaleric acidemia	0.905	Disease-causing germline mutation(s) in	Assessed	1	243500	E71.1	3-Hydroxy Butyryl Carnitine				not_in_hpo_annotations	
IVA	33	IVA Isovaleric Acidemia	3712.1	_ACOAD8m	EX_3ivcrn[u]	3ivcrn	u	urine	Increased	urine	Increased (urine)	True	1375	1412	IVD		33	Isovaleric acidemia	0.905	Disease-causing germline mutation(s) in	Assessed	1	243500	E71.1	3-Hydroxy-Isovaleryl Carnitine				corroborated	HP:0033111 3-hydroxyisovaleric aciduria [Frequent (79-30%)]
IVA	33	IVA Isovaleric Acidemia	3712.1	_ACOAD8m	DM_ivcrn[bc]	ivcrn	bc	blood	Increased	blood	Increased (blood)	False	1375	1412	IVD		33	Isovaleric acidemia	0.905	Disease-causing germline mutation(s) in	Assessed	1	243500	E71.1	Isovaleryl Carnitine				corroborated	HP:0033447 Elevated circulating isovalerylcarnitine concentration [Frequent (79-30%)]
LNS	34	LNS Lesch-Nyhan Syndrome	3251.1	_GUAPRT;_HXPRT	DM_fol[bc]	fol	bc	blood	Decreased	blood	Decreased (blood)	False	1414	1449	HPRT1		510	Lesch-Nyhan syndrome	0.909	Disease-causing germline mutation(s) (loss of function) in	Assessed	2	300322;308950	E79.1	Folate	HMDB00121	CHEBI:27470	C00504	not_in_hpo_annotations	
LNS	34	LNS Lesch-Nyhan Syndrome	3251.1	_GUAPRT;_HXPRT	EX_urate[u]	urate	u	urine	Increased	urine/blood	Increased (urine/blood)	True	1414	1449	HPRT1		510	Lesch-Nyhan syndrome	0.909	Disease-causing germline mutation(s) (loss of function) in	Assessed	2	300322;308950	E79.1	Urate	HMDB00289	CHEBI:17775	C00366	not_in_hpo_annotations	
LNS	34	LNS Lesch-Nyhan Syndrome	3251.1	_GUAPRT;_HXPRT	DM_urate[bc]	urate	bc	blood	Increased	urine/blood	Increased (urine/blood)	False	1414	1449	HPRT1		510	Lesch-Nyhan syndrome	0.909	Disease-causing germline mutation(s) (loss of function) in	Assessed	2	300322;308950	E79.1	Urate	HMDB00289	CHEBI:17775	C00366	not_in_hpo_annotations	
LTC4S	35	LTC4S Leukotriene C4 Synthase Deficiency (Ltc4 Synthase Deficiency)	4056.1	_HMR_1081;_LTC4Sr	EX_leuktrE4[u]	leuktrE4	u	urine	Decreased	urine/blood/csf	Decreased (urine/blood/CSF)	True	1451	1495	LTC4S							0			Leukotriene E4	HMDB02200	CHEBI:15650	C05952	no_hpo_metabolite_term_for_disorder	
LTC4S	35	LTC4S Leukotriene C4 Synthase Deficiency (Ltc4 Synthase Deficiency)	4056.1	_HMR_1081;_LTC4Sr	EX_leuktrC4[u]	leuktrC4	u	urine	Decreased	urine/blood/csf	Decreased (urine/blood/CSF)	True	1451	1495	LTC4S							0			Leukotriene C4	HMDB01198	CHEBI:16978	C02166	no_hpo_metabolite_term_for_disorder	
LTC4S	35	LTC4S Leukotriene C4 Synthase Deficiency (Ltc4 Synthase Deficiency)	4056.1	_HMR_1081;_LTC4Sr	DM_leuktrE4[bc]	leuktrE4	bc	blood	Decreased	urine/blood/csf	Decreased (urine/blood/CSF)	False	1451	1495	LTC4S							0			Leukotriene E4	HMDB02200	CHEBI:15650	C05952	no_hpo_metabolite_term_for_disorder	
LTC4S	35	LTC4S Leukotriene C4 Synthase Deficiency (Ltc4 Synthase Deficiency)	4056.1	_HMR_1081;_LTC4Sr	DM_leuktrC4[bc]	leuktrC4	bc	blood	Decreased	urine/blood/csf	Decreased (urine/blood/CSF)	False	1451	1495	LTC4S							0			Leukotriene C4	HMDB01198	CHEBI:16978	C02166	no_hpo_metabolite_term_for_disorder	
LTC4S	35	LTC4S Leukotriene C4 Synthase Deficiency (Ltc4 Synthase Deficiency)	4056.1	_HMR_1081;_LTC4Sr	DM_leuktrD4[bc]	leuktrD4	bc	blood	Decreased	urine/blood/csf	Decreased (urine/blood/CSF)	False	1451	1495	LTC4S							0			Leukotriene D4		CHEBI:28666	C05951	no_hpo_metabolite_term_for_disorder	
LTC4S	35	LTC4S Leukotriene C4 Synthase Deficiency (Ltc4 Synthase Deficiency)	4056.1	_HMR_1081;_LTC4Sr	DM_leuktrE4[csf]	leuktrE4	csf	csf	Decreased	urine/blood/csf	Decreased (urine/blood/CSF)	False	1451	1495	LTC4S							0			Leukotriene E4	HMDB02200	CHEBI:15650	C05952	no_hpo_metabolite_term_for_disorder	
MSUD	36	MSUD Maple Syrup Urine Disease	593.1	_r0670;_OIVD1m;_OIVD2m;_OIVD3m;_r0385;_r0386;_r1154	EX_ile_L[u]	ile_L	u	urine	Increased	urine/blood	Increased (urine/blood)	True	1497	1539	BCKDHA		268145	Classic maple syrup urine disease	0.857	Disease-causing germline mutation(s) in	Assessed	3	248600;620698;620699	E71.0	L-Isoleucine	HMDB00172	CHEBI:17191	C00407	no_hpo_metabolite_term_for_disorder	
MSUD	36	MSUD Maple Syrup Urine Disease	593.1	_r0670;_OIVD1m;_OIVD2m;_OIVD3m;_r0385;_r0386;_r1154	EX_3mop[u]	3mop	u	urine	Increased	urine/blood	Increased (urine/blood)	True	1497	1539	BCKDHA		268145	Classic maple syrup urine disease	0.857	Disease-causing germline mutation(s) in	Assessed	3	248600;620698;620699	E71.0	3-Methyl-2-Oxopentanoate	HMDB00491	CHEBI:35932	C03465	no_hpo_metabolite_term_for_disorder	
MSUD	36	MSUD Maple Syrup Urine Disease	593.1	_r0670;_OIVD1m;_OIVD2m;_OIVD3m;_r0385;_r0386;_r1154	DM_ile_L[bc]	ile_L	bc	blood	Increased	urine/blood	Increased (urine/blood)	False	1497	1539	BCKDHA		268145	Classic maple syrup urine disease	0.857	Disease-causing germline mutation(s) in	Assessed	3	248600;620698;620699	E71.0	L-Isoleucine	HMDB00172	CHEBI:17191	C00407	no_hpo_metabolite_term_for_disorder	
MSUD	36	MSUD Maple Syrup Urine Disease	593.1	_r0670;_OIVD1m;_OIVD2m;_OIVD3m;_r0385;_r0386;_r1154	DM_leu_L[bc]	leu_L	bc	blood	Increased	blood	Increased (blood)	False	1497	1539	BCKDHA		268145	Classic maple syrup urine disease	0.857	Disease-causing germline mutation(s) in	Assessed	3	248600;620698;620699	E71.0	L-Leucine	HMDB00687	CHEBI:15603	C00123	no_hpo_metabolite_term_for_disorder	
MSUD	36	MSUD Maple Syrup Urine Disease	593.1	_r0670;_OIVD1m;_OIVD2m;_OIVD3m;_r0385;_r0386;_r1154	DM_val_L[bc]	val_L	bc	blood	Increased	blood	Increased (blood)	False	1497	1539	BCKDHA		268145	Classic maple syrup urine disease	0.857	Disease-causing germline mutation(s) in	Assessed	3	248600;620698;620699	E71.0	L-Valine	HMDB00883	CHEBI:16414	C00183	no_hpo_metabolite_term_for_disorder	
MSUD	36	MSUD Maple Syrup Urine Disease	593.1	_r0670;_OIVD1m;_OIVD2m;_OIVD3m;_r0385;_r0386;_r1154	DM_3mop[bc]	3mop	bc	blood	Increased	urine/blood	Increased (urine/blood)	False	1497	1539	BCKDHA		268145	Classic maple syrup urine disease	0.857	Disease-causing germline mutation(s) in	Assessed	3	248600;620698;620699	E71.0	3-Methyl-2-Oxopentanoate	HMDB00491	CHEBI:35932	C03465	no_hpo_metabolite_term_for_disorder	
MMA	37	MMA Methylmalonic Acidemia (Mma)	4594.1	_MMMm	EX_3aib[u]	3aib	u	urine	Increased	urine	Increased (urine)	True	1541	1590	MMUT		79312	Vitamin B12-unresponsive methylmalonic acidemia type mut-	0.584	Disease-causing germline mutation(s) (loss of function) in	Assessed	2	251000	E71.1	(S)-3-Aminoisobutyric Acid	HMDB02166	CHEBI:33094	C03284	not_in_hpo_annotations	
MMA	37	MMA Methylmalonic Acidemia (Mma)	4594.1	_MMMm	DM_c4dc[bc]	c4dc	bc	blood	Increased	blood	Increased (blood)	False	1541	1590	MMUT		79312	Vitamin B12-unresponsive methylmalonic acidemia type mut-	0.584	Disease-causing germline mutation(s) (loss of function) in	Assessed	2	251000	E71.1	Succinyl Carnitine				not_in_hpo_annotations	
MMA	37	MMA Methylmalonic Acidemia (Mma)	4594.1	_MMMm	DM_crn[bc]	crn	bc	blood	Decreased	blood	Decreased (blood)	False	1541	1590	MMUT		79312	Vitamin B12-unresponsive methylmalonic acidemia type mut-	0.584	Disease-causing germline mutation(s) (loss of function) in	Assessed	2	251000	E71.1	L-Carnitine	HMDB00062	CHEBI:11060	C15025	not_in_hpo_annotations	
MMA	37	MMA Methylmalonic Acidemia (Mma)	4594.1	_MMMm	DM_HC00900[bc]	HC00900	bc	blood	Increased	blood	Increased (blood)	False	1541	1590	MMUT		79312	Vitamin B12-unresponsive methylmalonic acidemia type mut-	0.584	Disease-causing germline mutation(s) (loss of function) in	Assessed	2	251000	E71.1	Methylmalonate	HMDB00202	CHEBI:30860	C02170	not_in_hpo_annotations	
MMA	37	MMA Methylmalonic Acidemia (Mma)	4594.1	_MMMm	DM_3hpp[bc]	3hpp	bc	blood	Increased	blood	Increased (blood)	False	1541	1590	MMUT		79312	Vitamin B12-unresponsive methylmalonic acidemia type mut-	0.584	Disease-causing germline mutation(s) (loss of function) in	Assessed	2	251000	E71.1	3-Hydroxypropionate	HMDB00700	CHEBI:33404	C01013	not_in_hpo_annotations	
MMA	37	MMA Methylmalonic Acidemia (Mma)	4594.1	_MMMm	DM_pcrn[bc]	pcrn	bc	blood	Increased	blood	Increased (blood)	False	1541	1590	MMUT		79312	Vitamin B12-unresponsive methylmalonic acidemia type mut-	0.584	Disease-causing germline mutation(s) (loss of function) in	Assessed	2	251000	E71.1	O-Propanoylcarnitine	HMDB00824	CHEBI:28867	C03017	not_in_hpo_annotations	
MMA	37	MMA Methylmalonic Acidemia (Mma)	4594.1	_MMMm	DM_3hdececrn[bc]	3hdececrn	bc	blood	Increased	blood	Increased (blood)	False	1541	1590	MMUT		79312	Vitamin B12-unresponsive methylmalonic acidemia type mut-	0.584	Disease-causing germline mutation(s) (loss of function) in	Assessed	2	251000	E71.1	3-Hydroxyhexadecenoylcarnitine				not_in_hpo_annotations	
NAGS	38	NAGS N-Acetylglutamate Synthase Deficiency	162417.1	_RE2030M;_RE2031M;_RE2032M;_RE2156M;_RE2223M;_ACGSm	DM_ala_L[bc]	ala_L	bc	blood	Increased	blood	Increased (blood)	False	1592	1636	NAGS		927	Hyperammonemia due to N-acetylglutamate synthase deficiency	0.792	Disease-causing germline mutation(s) in	Assessed	1	237310	E72.2	L-Alanine	HMDB00161	CHEBI:16977	C00041	corroborated	HP:0003348 Hyperalaninemia [Occasional (29-5%)]
NAGS	38	NAGS N-Acetylglutamate Synthase Deficiency	162417.1	_RE2030M;_RE2031M;_RE2032M;_RE2156M;_RE2223M;_ACGSm	DM_citr_L[bc]	citr_L	bc	blood	Decreased	blood	Decreased (blood)	False	1592	1636	NAGS		927	Hyperammonemia due to N-acetylglutamate synthase deficiency	0.792	Disease-causing germline mutation(s) in	Assessed	1	237310	E72.2	L-Citrulline	HMDB00904	CHEBI:16349	C00327	not_in_hpo_annotations	
NAGS	38	NAGS N-Acetylglutamate Synthase Deficiency	162417.1	_RE2030M;_RE2031M;_RE2032M;_RE2156M;_RE2223M;_ACGSm	DM_gln_L[bc]	gln_L	bc	blood	Increased	blood	Increased (blood)	False	1592	1636	NAGS		927	Hyperammonemia due to N-acetylglutamate synthase deficiency	0.792	Disease-causing germline mutation(s) in	Assessed	1	237310	E72.2	L-Glutamine	HMDB00641	CHEBI:18050	C00064	corroborated	HP:0003217 Hyperglutaminemia [Occasional (29-5%)]
NAGS	38	NAGS N-Acetylglutamate Synthase Deficiency	162417.1	_RE2030M;_RE2031M;_RE2032M;_RE2156M;_RE2223M;_ACGSm	DM_nh4[bc]	nh4	bc	blood	Increased	blood	Increased (blood)	False	1592	1636	NAGS		927	Hyperammonemia due to N-acetylglutamate synthase deficiency	0.792	Disease-causing germline mutation(s) in	Assessed	1	237310	E72.2	Ammonium	HMDB00051	CHEBI:16134	C00014	not_in_hpo_annotations	
NAGS	38	NAGS N-Acetylglutamate Synthase Deficiency	162417.1	_RE2030M;_RE2031M;_RE2032M;_RE2156M;_RE2223M;_ACGSm	DM_orn[bc]	orn	bc	blood	Increased	blood	Increased (blood)	False	1592	1636	NAGS		927	Hyperammonemia due to N-acetylglutamate synthase deficiency	0.792	Disease-causing germline mutation(s) in	Assessed	1	237310	E72.2	Ornithine	HMDB00214	CHEBI:15729	C00077	not_in_hpo_annotations	
NAGS	38	NAGS N-Acetylglutamate Synthase Deficiency	162417.1	_RE2030M;_RE2031M;_RE2032M;_RE2156M;_RE2223M;_ACGSm	EX_orot[u]	orot	u	urine	Decreased	urine	Decreased (urine)	True	1592	1636	NAGS		927	Hyperammonemia due to N-acetylglutamate synthase deficiency	0.792	Disease-causing germline mutation(s) in	Assessed	1	237310	E72.2	Orotate	HMDB00226	CHEBI:16742	C00295	not_in_hpo_annotations	
OTC	39	OTC Ornithine Transcarbamylase Deficiency	5009.1	_OCBTm	EX_5oxpro[u]	5oxpro	u	urine	Increased	transient, urine	Increased (transient, urine)	True	1637	1710	OTC		664	Ornithine transcarbamylase deficiency	0.949	Disease-causing germline mutation(s) in	Assessed	1	311250	E72.4	5-Oxoprolinate	HMDB00267	CHEBI:18183	C01879	not_in_hpo_annotations	
OTC	39	OTC Ornithine Transcarbamylase Deficiency	5009.1	_OCBTm	EX_gly[u]	gly	u	urine	Increased	urine	Increased (urine)	True	1637	1710	OTC		664	Ornithine transcarbamylase deficiency	0.949	Disease-causing germline mutation(s) in	Assessed	1	311250	E72.4	Glycine	HMDB00123	CHEBI:15428	C00037	not_in_hpo_annotations	
OTC	39	OTC Ornithine Transcarbamylase Deficiency	5009.1	_OCBTm	EX_lys_L[u]	lys_L	u	urine	Increased	urine	Increased (urine)	True	1637	1710	OTC		664	Ornithine transcarbamylase deficiency	0.949	Disease-causing germline mutation(s) in	Assessed	1	311250	E72.4	L-Lysine	HMDB00182	CHEBI:18019	C00047	not_in_hpo_annotations	
OTC	39	OTC Ornithine Transcarbamylase Deficiency	5009.1	_OCBTm	EX_orot[u]	orot	u	urine	Increased	urine	Increased (urine)	True	1637	1710	OTC		664	Ornithine transcarbamylase deficiency	0.949	Disease-causing germline mutation(s) in	Assessed	1	311250	E72.4	Orotate	HMDB00226	CHEBI:16742	C00295	corroborated	HP:0003218 Oroticaciduria [Frequent (79-30%)]
OTC	39	OTC Ornithine Transcarbamylase Deficiency	5009.1	_OCBTm	DM_citr_L[bc]	citr_L	bc	blood	Decreased	blood	Decreased (blood)	False	1637	1710	OTC		664	Ornithine transcarbamylase deficiency	0.949	Disease-causing germline mutation(s) in	Assessed	1	311250	E72.4	L-Citrulline	HMDB00904	CHEBI:16349	C00327	corroborated	HP:0003572 Low plasma citrulline [Frequent (79-30%)]
OTC	39	OTC Ornithine Transcarbamylase Deficiency	5009.1	_OCBTm	DM_gln_L[bc]	gln_L	bc	blood	Increased	blood	Increased (blood)	False	1637	1710	OTC		664	Ornithine transcarbamylase deficiency	0.949	Disease-causing germline mutation(s) in	Assessed	1	311250	E72.4	L-Glutamine	HMDB00641	CHEBI:18050	C00064	not_in_hpo_annotations	
OTC	39	OTC Ornithine Transcarbamylase Deficiency	5009.1	_OCBTm	DM_ura[bc]	ura	bc	blood	Increased	urine	Increased (urine)	False	1637	1710	OTC		664	Ornithine transcarbamylase deficiency	0.949	Disease-causing germline mutation(s) in	Assessed	1	311250	E72.4	Uracil	HMDB00300	CHEBI:17568	C00106	not_in_hpo_annotations	
OTC	39	OTC Ornithine Transcarbamylase Deficiency	5009.1	_OCBTm	DM_nh4[bc]	nh4	bc	blood	Increased	blood	Increased (blood)	False	1637	1710	OTC		664	Ornithine transcarbamylase deficiency	0.949	Disease-causing germline mutation(s) in	Assessed	1	311250	E72.4	Ammonium	HMDB00051	CHEBI:16134	C00014	not_in_hpo_annotations	
OTC	39	OTC Ornithine Transcarbamylase Deficiency	5009.1	_OCBTm	DM_orn[bc]	orn	bc	blood	Increased	blood	Increased (blood)	False	1637	1710	OTC		664	Ornithine transcarbamylase deficiency	0.949	Disease-causing germline mutation(s) in	Assessed	1	311250	E72.4	Ornithine	HMDB00214	CHEBI:15729	C00077	not_in_hpo_annotations	
OROA	40	OROA Orotic Aciduria	7372.1	_ORPT;_OMPDC	EX_orot[u]	orot	u	urine	Increased	urine/blood	Increased (urine/blood)	True	1712	1745	UMPS		30	Hereditary orotic aciduria	0.783	Disease-causing germline mutation(s) (loss of function) in	Assessed	1	258900	E79.8	Orotate	HMDB00226	CHEBI:16742	C00295	corroborated	HP:0003218 Oroticaciduria [Very frequent (99-80%)]
OROA	40	OROA Orotic Aciduria	7372.1	_ORPT;_OMPDC	DM_orot[bc]	orot	bc	blood	Increased	urine/blood	Increased (urine/blood)	False	1712	1745	UMPS		30	Hereditary orotic aciduria	0.783	Disease-causing germline mutation(s) (loss of function) in	Assessed	1	258900	E79.8	Orotate	HMDB00226	CHEBI:16742	C00295	corroborated_other_biofluid	HP:0003526 Orotic acid crystalluria [Very frequent (99-80%)]
PKU	41	PKU Phenylketonuria	5053.1	_PHETHPTOX2;_r0399	DM_phe_L[bc]	phe_L	bc	blood	Increased	blood	Increased (blood)	False	1747	1782	PAH		293284	Tetrahydrobiopterin-responsive phenylketonuria	0.694	Disease-causing germline mutation(s) in	Assessed	3	261600	E70.1	L-Phenylalanine	HMDB00159	CHEBI:17295	C00079	no_hpo_metabolite_term_for_disorder	
PKU	41	PKU Phenylketonuria	5053.1	_PHETHPTOX2;_r0399	EX_2hyoxplac[u]	2hyoxplac	u	urine	Increased	urine	Increased (urine)	True	1747	1782	PAH		293284	Tetrahydrobiopterin-responsive phenylketonuria	0.694	Disease-causing germline mutation(s) in	Assessed	3	261600	E70.1	2-Hydroxyphenylacetate	HMDB00669	CHEBI:28478	C05852	no_hpo_metabolite_term_for_disorder	
PKU	41	PKU Phenylketonuria	5053.1	_PHETHPTOX2;_r0399	EX_phpyr[u]	phpyr	u	urine	Increased	urine	Increased (urine)	True	1747	1782	PAH		293284	Tetrahydrobiopterin-responsive phenylketonuria	0.694	Disease-causing germline mutation(s) in	Assessed	3	261600	E70.1	Keto-Phenylpyruvate	HMDB00205	CHEBI:30851	C00166	no_hpo_metabolite_term_for_disorder	
MNGIE	42	MNGIE Mitochondrial Neurogastrointestinal Encephalopathy (Mngie) Disease	1890.1	_TMDPP	DM_duri[bc]	duri	bc	blood	Increased	blood	Increased (blood)	False	1784	1818	TYMP		298	Mitochondrial neurogastrointestinal encephalomyopathy	0.8	Disease-causing germline mutation(s) (loss of function) in	Assessed	1	603041;612075;613662;619780	G71.3	Deoxyuridine	HMDB00012	CHEBI:16450	C00526	not_in_hpo_annotations	
MNGIE	42	MNGIE Mitochondrial Neurogastrointestinal Encephalopathy (Mngie) Disease	1890.1	_TMDPP	DM_thymd[bc]	thymd	bc	blood	Increased	blood	Increased (blood)	False	1784	1818	TYMP		298	Mitochondrial neurogastrointestinal encephalomyopathy	0.8	Disease-causing germline mutation(s) (loss of function) in	Assessed	1	603041;612075;613662;619780	G71.3	Thymidine	HMDB00273	CHEBI:17748	C00214	not_in_hpo_annotations	
SUCLA	43	SUCLA Succinate-Coenzyme A (Coa) Ligase Deficiency/Lactic Acidosis, Fatal Infantile	8803.1	_ITCOALm;_MECOALm;_SUCOASm;_ITCOAL1m;_MECOAS1m;_SUCOAS1m	DM_lac_L[bc]	lac_L	bc	blood	Increased	blood	Increased (blood)	False	1820	1854	SUCLA2		1933	Mitochondrial DNA depletion syndrome, encephalomyopathic form with methylmalonic aciduria	0.288	Disease-causing germline mutation(s) in	Assessed	1	612073	G71.3	(S)-Lactate	HMDB00190	CHEBI:422	C00186	not_in_hpo_annotations	
SUCLA	43	SUCLA Succinate-Coenzyme A (Coa) Ligase Deficiency/Lactic Acidosis, Fatal Infantile	8803.1	_ITCOALm;_MECOALm;_SUCOASm;_ITCOAL1m;_MECOAS1m;_SUCOAS1m	DM_pyr[bc]	pyr	bc	blood	Increased	blood	Increased (blood)	False	1820	1854	SUCLA2		1933	Mitochondrial DNA depletion syndrome, encephalomyopathic form with methylmalonic aciduria	0.288	Disease-causing germline mutation(s) in	Assessed	1	612073	G71.3	Pyruvate	HMDB00243	CHEBI:32816	C00022	not_in_hpo_annotations	
SSADHD	44	SSADHD Succinic Semialdehyde Dehydrogenase Deficiency	7915.1	_r0178	EX_gly[u]	gly	u	urine	Increased	urine/blood	Increased (urine/blood)	True	1856	1896	ALDH5A1		22	Succinic semialdehyde dehydrogenase deficiency	0.929	Disease-causing germline mutation(s) in	Assessed	1	271980	E72.8	Glycine	HMDB00123	CHEBI:15428	C00037	no_hpo_metabolite_term_for_disorder	
SSADHD	44	SSADHD Succinic Semialdehyde Dehydrogenase Deficiency	7915.1	_r0178	EX_sucsal[u]	sucsal	u	urine	Increased	urine/blood	Increased (urine/blood)	True	1856	1896	ALDH5A1		22	Succinic semialdehyde dehydrogenase deficiency	0.929	Disease-causing germline mutation(s) in	Assessed	1	271980	E72.8	Succinic Semialdehyde	HMDB01259	CHEBI:16265	C00232	no_hpo_metabolite_term_for_disorder	
SSADHD	44	SSADHD Succinic Semialdehyde Dehydrogenase Deficiency	7915.1	_r0178	DM_gly[bc]	gly	bc	blood	Increased	urine/blood	Increased (urine/blood)	False	1856	1896	ALDH5A1		22	Succinic semialdehyde dehydrogenase deficiency	0.929	Disease-causing germline mutation(s) in	Assessed	1	271980	E72.8	Glycine	HMDB00123	CHEBI:15428	C00037	no_hpo_metabolite_term_for_disorder	
SSADHD	44	SSADHD Succinic Semialdehyde Dehydrogenase Deficiency	7915.1	_r0178	DM_sucsal[bc]	sucsal	bc	blood	Increased	urine/blood	Increased (urine/blood)	False	1856	1896	ALDH5A1		22	Succinic semialdehyde dehydrogenase deficiency	0.929	Disease-causing germline mutation(s) in	Assessed	1	271980	E72.8	Succinic Semialdehyde	HMDB01259	CHEBI:16265	C00232	no_hpo_metabolite_term_for_disorder	
SSADHD	44	SSADHD Succinic Semialdehyde Dehydrogenase Deficiency	7915.1	_r0178	DM_4abut[csf]	4abut	csf	csf	Increased	csf	Increased (CSF)	False	1856	1896	ALDH5A1		22	Succinic semialdehyde dehydrogenase deficiency	0.929	Disease-causing germline mutation(s) in	Assessed	1	271980	E72.8	4-Aminobutanoate	HMDB00112	CHEBI:16865	C00334	no_hpo_metabolite_term_for_disorder	
TETB	45	TETB Tetrahydrobiopterin Deficiency	2643.1		DM_phe_L[bc]	phe_L	bc	blood	Increased	blood	Increased (blood)	False	1898	1934	GCH1		2102	GTP cyclohydrolase I deficiency	0.576	Disease-causing germline mutation(s) in	Assessed	2	233910	E70.1	L-Phenylalanine	HMDB00159	CHEBI:17295	C00079	no_hpo_metabolite_term_for_disorder	
CIT1	46	CIT1 Type I Citrullinemia	445.1	_ARGSS	DM_citr_L[bc]	citr_L	bc	blood	Increased	urine/blood	Increased (urine/blood)	False	1936	1978	ASS1		247546	Acute neonatal citrullinemia type I	0.6	Disease-causing germline mutation(s) (loss of function) in	Assessed	2	215700	E72.2	L-Citrulline	HMDB00904	CHEBI:16349	C00327	no_hpo_metabolite_term_for_disorder	
CIT1	46	CIT1 Type I Citrullinemia	445.1	_ARGSS	DM_gly[bc]	gly	bc	blood	Increased	urine/blood	Increased (urine/blood)	False	1936	1978	ASS1		247546	Acute neonatal citrullinemia type I	0.6	Disease-causing germline mutation(s) (loss of function) in	Assessed	2	215700	E72.2	Glycine	HMDB00123	CHEBI:15428	C00037	no_hpo_metabolite_term_for_disorder	
CIT1	46	CIT1 Type I Citrullinemia	445.1	_ARGSS	DM_nh4[bc]	nh4	bc	blood	Increased	blood	Increased (blood)	False	1936	1978	ASS1		247546	Acute neonatal citrullinemia type I	0.6	Disease-causing germline mutation(s) (loss of function) in	Assessed	2	215700	E72.2	Ammonium	HMDB00051	CHEBI:16134	C00014	no_hpo_metabolite_term_for_disorder	
CIT1	46	CIT1 Type I Citrullinemia	445.1	_ARGSS	EX_orot[u]	orot	u	urine	Increased	urine	Increased (urine)	True	1936	1978	ASS1		247546	Acute neonatal citrullinemia type I	0.6	Disease-causing germline mutation(s) (loss of function) in	Assessed	2	215700	E72.2	Orotate	HMDB00226	CHEBI:16742	C00295	no_hpo_metabolite_term_for_disorder	
CIT1	46	CIT1 Type I Citrullinemia	445.1	_ARGSS	EX_citr_L[u]	citr_L	u	urine	Increased	urine/blood	Increased (urine/blood)	True	1936	1978	ASS1		247546	Acute neonatal citrullinemia type I	0.6	Disease-causing germline mutation(s) (loss of function) in	Assessed	2	215700	E72.2	L-Citrulline	HMDB00904	CHEBI:16349	C00327	no_hpo_metabolite_term_for_disorder	
CIT1	46	CIT1 Type I Citrullinemia	445.1	_ARGSS	EX_gly[u]	gly	u	urine	Increased	urine/blood	Increased (urine/blood)	True	1936	1978	ASS1		247546	Acute neonatal citrullinemia type I	0.6	Disease-causing germline mutation(s) (loss of function) in	Assessed	2	215700	E72.2	Glycine	HMDB00123	CHEBI:15428	C00037	no_hpo_metabolite_term_for_disorder	
TYR1	47	TYR1 Tyrosinemia Type I	2184.1	_FUMAC	DM_met_L[bc]	met_L	bc	blood	Increased	blood	Increased (blood)	False	1980	2018	FAH		882	Tyrosinemia type 1	0.878	Disease-causing germline mutation(s) in	Assessed	1	276700	E70.2	L-Methionine	HMDB00696	CHEBI:16643	C00073	not_in_hpo_annotations	
TYR1	47	TYR1 Tyrosinemia Type I	2184.1	_FUMAC	DM_tyr_L[bc]	tyr_L	bc	blood	Increased	blood	Increased (blood)	False	1980	2018	FAH		882	Tyrosinemia type 1	0.878	Disease-causing germline mutation(s) in	Assessed	1	276700	E70.2	L-Tyrosine	HMDB00158	CHEBI:17895	C00082	not_in_hpo_annotations	
TYR1	47	TYR1 Tyrosinemia Type I	2184.1	_FUMAC	EX_34hpl[u]	34hpl	u	urine	Increased	urine	Increased (urine)	True	1980	2018	FAH		882	Tyrosinemia type 1	0.878	Disease-causing germline mutation(s) in	Assessed	1	276700	E70.2	3-(4-Hydroxyphenyl)Lactate	HMDB00755	CHEBI:17385	C03672	not_in_hpo_annotations	
TYR1	47	TYR1 Tyrosinemia Type I	2184.1	_FUMAC	EX_34hpp[u]	34hpp	u	urine	Increased	urine	Increased (urine)	True	1980	2018	FAH		882	Tyrosinemia type 1	0.878	Disease-causing germline mutation(s) in	Assessed	1	276700	E70.2	3-(4-Hydroxyphenyl)Pyruvate	HMDB00707	CHEBI:15999	C01179	not_in_hpo_annotations	
TYR3	48	TYR3 Tyrosinemia Type III	3242.1	_34HPPOR;_PPOR	DM_tyr_L[bc]	tyr_L	bc	blood	Increased	blood	Increased (blood)	False	2020	2054	HPD		69723	Tyrosinemia type 3	0.889	Disease-causing germline mutation(s) (loss of function) in	Assessed	2	276710	E70.2	L-Tyrosine	HMDB00158	CHEBI:17895	C00082	corroborated	HP:0003231 Hypertyrosinemia [Very frequent (99-80%)]
TYR3	48	TYR3 Tyrosinemia Type III	3242.1	_34HPPOR;_PPOR	EX_34hpl[u]	34hpl	u	urine	Increased	urine	Increased (urine)	True	2020	2054	HPD		69723	Tyrosinemia type 3	0.889	Disease-causing germline mutation(s) (loss of function) in	Assessed	2	276710	E70.2	3-(4-Hydroxyphenyl)Lactate	HMDB00755	CHEBI:17385	C03672	corroborated	HP:6001004 Elevated urine hydroxyphenyllactic acid level [Frequent (79-30%)]
TYR3	48	TYR3 Tyrosinemia Type III	3242.1	_34HPPOR;_PPOR	EX_34hpp[u]	34hpp	u	urine	Increased	urine	Increased (urine)	True	2020	2054	HPD		69723	Tyrosinemia type 3	0.889	Disease-causing germline mutation(s) (loss of function) in	Assessed	2	276710	E70.2	3-(4-Hydroxyphenyl)Pyruvate	HMDB00707	CHEBI:15999	C01179	corroborated	HP:0003161 4-Hydroxyphenylpyruvic aciduria [Frequent (79-30%)]
XAN1	49	XAN1 Xanthinuria Type 1	7498.1	_r0395;_XANDp;_XAO2x;_XAOx;_r0394;_r0502;_r0504	EX_hxan[u]	hxan	u	urine	Increased	urine	Increased (urine)	True	2056	2093	XDH		93601	Xanthinuria type I	0.829	Disease-causing germline mutation(s) in	Assessed	1	278300	E79.8	Hypoxanthine	HMDB00157	CHEBI:17368	C00262	no_hpo_metabolite_term_for_disorder	
XAN1	49	XAN1 Xanthinuria Type 1	7498.1	_r0395;_XANDp;_XAO2x;_XAOx;_r0394;_r0502;_r0504	EX_xan[u]	xan	u	urine	Increased	blood/urine	Increased (blood/urine)	True	2056	2093	XDH		93601	Xanthinuria type I	0.829	Disease-causing germline mutation(s) in	Assessed	1	278300	E79.8	Xanthine	HMDB00292	CHEBI:17712	C00385	no_hpo_metabolite_term_for_disorder	
XAN1	49	XAN1 Xanthinuria Type 1	7498.1	_r0395;_XANDp;_XAO2x;_XAOx;_r0394;_r0502;_r0504	EX_urate[u]	urate	u	urine	Decreased	blood/urine	Decreased (blood/urine)	True	2056	2093	XDH		93601	Xanthinuria type I	0.829	Disease-causing germline mutation(s) in	Assessed	1	278300	E79.8	Urate	HMDB00289	CHEBI:17775	C00366	no_hpo_metabolite_term_for_disorder	
XAN1	49	XAN1 Xanthinuria Type 1	7498.1	_r0395;_XANDp;_XAO2x;_XAOx;_r0394;_r0502;_r0504	DM_xan[bc]	xan	bc	blood	Increased	blood/urine	Increased (blood/urine)	False	2056	2093	XDH		93601	Xanthinuria type I	0.829	Disease-causing germline mutation(s) in	Assessed	1	278300	E79.8	Xanthine	HMDB00292	CHEBI:17712	C00385	no_hpo_metabolite_term_for_disorder	
XAN1	49	XAN1 Xanthinuria Type 1	7498.1	_r0395;_XANDp;_XAO2x;_XAOx;_r0394;_r0502;_r0504	DM_urate[bc]	urate	bc	blood	Decreased	blood/urine	Decreased (blood/urine)	False	2056	2093	XDH		93601	Xanthinuria type I	0.829	Disease-causing germline mutation(s) in	Assessed	1	278300	E79.8	Urate	HMDB00289	CHEBI:17775	C00366	no_hpo_metabolite_term_for_disorder	
AKGD	50	AKGD Alpha-Ketoglutarate Dehydrogenase Deficiency	4967.1	_AKGDm;_2OXOADOXm;_r0163;_r0384;_r0451;_r0620	EX_akg[u]	akg	u	urine	Increased	urine	Increased (urine)	True	2095	2134	OGDH		31	Oxoglutaric aciduria	0.946	Disease-causing germline mutation(s) (loss of function) in	Assessed	1	203740	E88.8	2-Oxoglutarate	HMDB00208	CHEBI:30915	C00026	no_hpo_metabolite_term_for_disorder	
AKGD	50	AKGD Alpha-Ketoglutarate Dehydrogenase Deficiency	4967.1	_AKGDm;_2OXOADOXm;_r0163;_r0384;_r0451;_r0620	EX_lac_L[u]	lac_L	u	urine	Increased	blood/urine	Increased (blood/urine)	True	2095	2134	OGDH		31	Oxoglutaric aciduria	0.946	Disease-causing germline mutation(s) (loss of function) in	Assessed	1	203740	E88.8	(S)-Lactate	HMDB00190	CHEBI:422	C00186	no_hpo_metabolite_term_for_disorder	
AKGD	50	AKGD Alpha-Ketoglutarate Dehydrogenase Deficiency	4967.1	_AKGDm;_2OXOADOXm;_r0163;_r0384;_r0451;_r0620	DM_lac_L[bc]	lac_L	bc	blood	Increased	blood/urine	Increased (blood/urine)	False	2095	2134	OGDH		31	Oxoglutaric aciduria	0.946	Disease-causing germline mutation(s) (loss of function) in	Assessed	1	203740	E88.8	(S)-Lactate	HMDB00190	CHEBI:422	C00186	no_hpo_metabolite_term_for_disorder	
AKGD	50	AKGD Alpha-Ketoglutarate Dehydrogenase Deficiency	4967.1	_AKGDm;_2OXOADOXm;_r0163;_r0384;_r0451;_r0620	DM_glu_L[bc]	glu_L	bc	blood	Increased	blood	Increased (blood)	False	2095	2134	OGDH		31	Oxoglutaric aciduria	0.946	Disease-causing germline mutation(s) (loss of function) in	Assessed	1	203740	E88.8	L-Glutamate	HMDB00148	CHEBI:16015	C00025	no_hpo_metabolite_term_for_disorder	
AKGD	50	AKGD Alpha-Ketoglutarate Dehydrogenase Deficiency	4967.1	_AKGDm;_2OXOADOXm;_r0163;_r0384;_r0451;_r0620	DM_gln_L[bc]	gln_L	bc	blood	Increased	blood	Increased (blood)	False	2095	2134	OGDH		31	Oxoglutaric aciduria	0.946	Disease-causing germline mutation(s) (loss of function) in	Assessed	1	203740	E88.8	L-Glutamine	HMDB00641	CHEBI:18050	C00064	no_hpo_metabolite_term_for_disorder	
EP	51	EP Essential Pentosuria	1181.1	_XYLUR	EX_xylu_L[u]	xylu_L	u	urine	Increased	urine	Increased (urine)	True	2136	2182		1181						0			L-Xylulose	HMDB00751	CHEBI:17399	C00312	no_hpo_metabolite_term_for_disorder	
HYPVLI	52	HYPVLI Hypervalinemia And Hyperleucine-Isoleucinemia	587.1	_ILETAm;_LEUTAm;_VALTAm	DM_val_L[bc]	val_L	bc	blood	Increased	blood/urine	Increased (blood/urine)	False	2185	2221	BCAT2							0			L-Valine	HMDB00883	CHEBI:16414	C00183	no_hpo_metabolite_term_for_disorder	
HYPVLI	52	HYPVLI Hypervalinemia And Hyperleucine-Isoleucinemia	587.1	_ILETAm;_LEUTAm;_VALTAm	EX_val_L[u]	val_L	u	urine	Increased	blood/urine	Increased (blood/urine)	True	2185	2221	BCAT2							0			L-Valine	HMDB00883	CHEBI:16414	C00183	no_hpo_metabolite_term_for_disorder	
HYPVLI	52	HYPVLI Hypervalinemia And Hyperleucine-Isoleucinemia	587.1	_ILETAm;_LEUTAm;_VALTAm	EX_leu_L[u]	leu_L	u	urine	Increased	blood/urine	Increased (blood/urine)	True	2185	2221	BCAT2							0			L-Leucine	HMDB00687	CHEBI:15603	C00123	no_hpo_metabolite_term_for_disorder	
ASNSD	53	ASNSD Asparagine Synthetase Deficiency	440.1	_ASNS1	DM_asn_L[bc]	asn_L	bc	blood	Decreased	blood/csf	Decreased (blood/csf)	False	2225	2265	ASNS		391376	Congenital microcephaly-severe encephalopathy-progressive cerebral atrophy syndrome	0.914	Disease-causing germline mutation(s) (loss of function) in	Assessed	1	615574	E72.8	L-Asparagine	HMDB00168	CHEBI:17196	C00152	no_hpo_metabolite_term_for_disorder	
ASNSD	53	ASNSD Asparagine Synthetase Deficiency	440.1	_ASNS1	DM_asn_L[csf]	asn_L	csf	csf	Decreased	blood/csf	Decreased (blood/csf)	False	2225	2265	ASNS		391376	Congenital microcephaly-severe encephalopathy-progressive cerebral atrophy syndrome	0.914	Disease-causing germline mutation(s) (loss of function) in	Assessed	1	615574	E72.8	L-Asparagine	HMDB00168	CHEBI:17196	C00152	no_hpo_metabolite_term_for_disorder	
ASNSD	53	ASNSD Asparagine Synthetase Deficiency	440.1	_ASNS1	DM_gln_L[bc]	gln_L	bc	blood	Increased	blood/csf	Increased (blood/csf)	False	2225	2265	ASNS		391376	Congenital microcephaly-severe encephalopathy-progressive cerebral atrophy syndrome	0.914	Disease-causing germline mutation(s) (loss of function) in	Assessed	1	615574	E72.8	L-Glutamine	HMDB00641	CHEBI:18050	C00064	no_hpo_metabolite_term_for_disorder	
ASNSD	53	ASNSD Asparagine Synthetase Deficiency	440.1	_ASNS1	DM_gln_L[csf]	gln_L	csf	csf	Increased	blood/csf	Increased (blood/csf)	False	2225	2265	ASNS		391376	Congenital microcephaly-severe encephalopathy-progressive cerebral atrophy syndrome	0.914	Disease-causing germline mutation(s) (loss of function) in	Assessed	1	615574	E72.8	L-Glutamine	HMDB00641	CHEBI:18050	C00064	no_hpo_metabolite_term_for_disorder	
ASA	54	Argininosuccinic Aciduria	435.1	_ARGSL	EX_argsuc[u]	argsuc	u	urine	Increased	urine	Increased (urine)	True	2270	2311	ASL		23	Argininosuccinic aciduria	1.0	Disease-causing germline mutation(s) (loss of function) in	Assessed	1	207900	E72.2	L-Arginosuccinic Acid	HMDB00052	CHEBI:15682	C03406	not_in_hpo_annotations	
ASA	54	Argininosuccinic Aciduria	435.1	_ARGSL	EX_gly[u]	gly	u	urine	Increased	urine	Increased (urine)	True	2270	2311	ASL		23	Argininosuccinic aciduria	1.0	Disease-causing germline mutation(s) (loss of function) in	Assessed	1	207900	E72.2	Glycine	HMDB00123	CHEBI:15428	C00037	not_in_hpo_annotations	
ASA	54	Argininosuccinic Aciduria	435.1	_ARGSL	EX_orot[u]	orot	u	urine	Increased	urine	Increased (urine)	True	2270	2311	ASL		23	Argininosuccinic aciduria	1.0	Disease-causing germline mutation(s) (loss of function) in	Assessed	1	207900	E72.2	Orotate	HMDB00226	CHEBI:16742	C00295	corroborated	HP:0003218 Oroticaciduria [Occasional (29-5%)]
ASA	54	Argininosuccinic Aciduria	435.1	_ARGSL	EX_lys_L[u]	lys_L	u	urine	Increased	urine	Increased (urine)	True	2270	2311	ASL		23	Argininosuccinic aciduria	1.0	Disease-causing germline mutation(s) (loss of function) in	Assessed	1	207900	E72.2	L-Lysine	HMDB00182	CHEBI:18019	C00047	not_in_hpo_annotations	
ASA	54	Argininosuccinic Aciduria	435.1	_ARGSL	EX_ura[u]	ura	u	urine	Increased	urine	Increased (urine)	True	2270	2311	ASL		23	Argininosuccinic aciduria	1.0	Disease-causing germline mutation(s) (loss of function) in	Assessed	1	207900	E72.2	Uracil	HMDB00300	CHEBI:17568	C00106	not_in_hpo_annotations	
ASA	54	Argininosuccinic Aciduria	435.1	_ARGSL	DM_gln_L[bc]	gln_L	bc	blood	Increased	blood	Increased (blood)	False	2270	2311	ASL		23	Argininosuccinic aciduria	1.0	Disease-causing germline mutation(s) (loss of function) in	Assessed	1	207900	E72.2	L-Glutamine	HMDB00641	CHEBI:18050	C00064	corroborated	HP:0003217 Hyperglutaminemia [Very frequent (99-80%)]
ASA	54	Argininosuccinic Aciduria	435.1	_ARGSL	DM_citr_L[bc]	citr_L	bc	blood	Increased	blood	Increased (blood)	False	2270	2311	ASL		23	Argininosuccinic aciduria	1.0	Disease-causing germline mutation(s) (loss of function) in	Assessed	1	207900	E72.2	L-Citrulline	HMDB00904	CHEBI:16349	C00327	corroborated	HP:0011966 Elevated plasma citrulline [Frequent (79-30%)]
MMA	55	MMA Methylmalonic Acidemia (Mma)	166785.1	_CBLATm	EX_3aib[u]	3aib	u	urine	Increased	urine	Increased (urine)	True	2314	2357	MMAA		79310	Vitamin B12-responsive methylmalonic acidemia type cblA	0.598	Disease-causing germline mutation(s) in	Assessed	1	251100	E71.1	(S)-3-Aminoisobutyric Acid	HMDB02166	CHEBI:33094	C03284	no_hpo_metabolite_term_for_disorder	
MMA	55	MMA Methylmalonic Acidemia (Mma)	166785.1	_CBLATm	DM_c4dc[bc]	c4dc	bc	blood	Increased	blood	Increased (blood)	False	2314	2357	MMAA		79310	Vitamin B12-responsive methylmalonic acidemia type cblA	0.598	Disease-causing germline mutation(s) in	Assessed	1	251100	E71.1	Succinyl Carnitine				no_hpo_metabolite_term_for_disorder	
MMA	55	MMA Methylmalonic Acidemia (Mma)	166785.1	_CBLATm	DM_crn[bc]	crn	bc	blood	Decreased	blood	Decreased (blood)	False	2314	2357	MMAA		79310	Vitamin B12-responsive methylmalonic acidemia type cblA	0.598	Disease-causing germline mutation(s) in	Assessed	1	251100	E71.1	L-Carnitine	HMDB00062	CHEBI:11060	C15025	no_hpo_metabolite_term_for_disorder	
MMA	55	MMA Methylmalonic Acidemia (Mma)	166785.1	_CBLATm	DM_HC00900[bc]	HC00900	bc	blood	Increased	blood	Increased (blood)	False	2314	2357	MMAA		79310	Vitamin B12-responsive methylmalonic acidemia type cblA	0.598	Disease-causing germline mutation(s) in	Assessed	1	251100	E71.1	Methylmalonate	HMDB00202	CHEBI:30860	C02170	no_hpo_metabolite_term_for_disorder	
MMA	55	MMA Methylmalonic Acidemia (Mma)	166785.1	_CBLATm	DM_3hpp[bc]	3hpp	bc	blood	Increased	blood	Increased (blood)	False	2314	2357	MMAA		79310	Vitamin B12-responsive methylmalonic acidemia type cblA	0.598	Disease-causing germline mutation(s) in	Assessed	1	251100	E71.1	3-Hydroxypropionate	HMDB00700	CHEBI:33404	C01013	no_hpo_metabolite_term_for_disorder	
PC	56	PC Pyruvate Carboxylase Deficiency	5091.1	_PCm	DM_acac[bc]	acac	bc	blood	Increased	urine/blood	Increased (urine/blood)	False	2359	2425	PC		353320	Pyruvate carboxylase deficiency, benign type	0.861	Disease-causing germline mutation(s) in	Assessed	3	266150	E74.4	Acetoacetate	HMDB00060	CHEBI:15344	C00164	no_hpo_metabolite_term_for_disorder	
PC	56	PC Pyruvate Carboxylase Deficiency	5091.1	_PCm	DM_ala_L[bc]	ala_L	bc	blood	Increased	blood	Increased (blood)	False	2359	2425	PC		353320	Pyruvate carboxylase deficiency, benign type	0.861	Disease-causing germline mutation(s) in	Assessed	3	266150	E74.4	L-Alanine	HMDB00161	CHEBI:16977	C00041	no_hpo_metabolite_term_for_disorder	
PC	56	PC Pyruvate Carboxylase Deficiency	5091.1	_PCm	DM_bhb[bc]	bhb	bc	blood	Increased	urine/blood	Increased (urine/blood)	False	2359	2425	PC		353320	Pyruvate carboxylase deficiency, benign type	0.861	Disease-causing germline mutation(s) in	Assessed	3	266150	E74.4	(R)-3-Hydroxybutyrate	HMDB00011	CHEBI:17066	C01089	no_hpo_metabolite_term_for_disorder	
PC	56	PC Pyruvate Carboxylase Deficiency	5091.1	_PCm	DM_citr_L[bc]	citr_L	bc	blood	Increased	blood	Increased (blood)	False	2359	2425	PC		353320	Pyruvate carboxylase deficiency, benign type	0.861	Disease-causing germline mutation(s) in	Assessed	3	266150	E74.4	L-Citrulline	HMDB00904	CHEBI:16349	C00327	no_hpo_metabolite_term_for_disorder	
PC	56	PC Pyruvate Carboxylase Deficiency	5091.1	_PCm	DM_lys_L[bc]	lys_L	bc	blood	Increased	blood	Increased (blood)	False	2359	2425	PC		353320	Pyruvate carboxylase deficiency, benign type	0.861	Disease-causing germline mutation(s) in	Assessed	3	266150	E74.4	L-Lysine	HMDB00182	CHEBI:18019	C00047	no_hpo_metabolite_term_for_disorder	
PC	56	PC Pyruvate Carboxylase Deficiency	5091.1	_PCm	DM_pro_L[bc]	pro_L	bc	blood	Increased	blood	Increased (blood)	False	2359	2425	PC		353320	Pyruvate carboxylase deficiency, benign type	0.861	Disease-causing germline mutation(s) in	Assessed	3	266150	E74.4	L-Proline	HMDB00162	CHEBI:17203	C00148	no_hpo_metabolite_term_for_disorder	
PC	56	PC Pyruvate Carboxylase Deficiency	5091.1	_PCm	DM_lac_L[bc]	lac_L	bc	blood	Increased	blood	Increased (blood)	False	2359	2425	PC		353320	Pyruvate carboxylase deficiency, benign type	0.861	Disease-causing germline mutation(s) in	Assessed	3	266150	E74.4	(S)-Lactate	HMDB00190	CHEBI:422	C00186	no_hpo_metabolite_term_for_disorder	
PC	56	PC Pyruvate Carboxylase Deficiency	5091.1	_PCm	DM_nh4[bc]	nh4	bc	blood	Increased	blood	Increased (blood)	False	2359	2425	PC		353320	Pyruvate carboxylase deficiency, benign type	0.861	Disease-causing germline mutation(s) in	Assessed	3	266150	E74.4	Ammonium	HMDB00051	CHEBI:16134	C00014	no_hpo_metabolite_term_for_disorder	
PC	56	PC Pyruvate Carboxylase Deficiency	5091.1	_PCm	DM_glc_D[bc]	glc_D	bc	blood	Decreased	blood	Decreased (blood)	False	2359	2425	PC		353320	Pyruvate carboxylase deficiency, benign type	0.861	Disease-causing germline mutation(s) in	Assessed	3	266150	E74.4	D-Glucose	HMDB00122	CHEBI:4167	C00031	no_hpo_metabolite_term_for_disorder	
PC	56	PC Pyruvate Carboxylase Deficiency	5091.1	_PCm	EX_fum[u]	fum	u	urine	Increased	urine	Increased (urine)	True	2359	2425	PC		353320	Pyruvate carboxylase deficiency, benign type	0.861	Disease-causing germline mutation(s) in	Assessed	3	266150	E74.4	Fumarate	HMDB00134	CHEBI:18012	C00122	no_hpo_metabolite_term_for_disorder	
PC	56	PC Pyruvate Carboxylase Deficiency	5091.1	_PCm	EX_succ[u]	succ	u	urine	Increased	urine	Increased (urine)	True	2359	2425	PC		353320	Pyruvate carboxylase deficiency, benign type	0.861	Disease-causing germline mutation(s) in	Assessed	3	266150	E74.4	Succinate	HMDB00254	CHEBI:15741	C00042	no_hpo_metabolite_term_for_disorder	
PC	56	PC Pyruvate Carboxylase Deficiency	5091.1	_PCm	EX_acetone[u]	acetone	u	urine	Increased	urine	Increased (urine)	True	2359	2425	PC		353320	Pyruvate carboxylase deficiency, benign type	0.861	Disease-causing germline mutation(s) in	Assessed	3	266150	E74.4	Acetone	HMDB01659	CHEBI:15347	C00207	no_hpo_metabolite_term_for_disorder	
PC	56	PC Pyruvate Carboxylase Deficiency	5091.1	_PCm	EX_akg[u]	akg	u	urine	Increased	urine	Increased (urine)	True	2359	2425	PC		353320	Pyruvate carboxylase deficiency, benign type	0.861	Disease-causing germline mutation(s) in	Assessed	3	266150	E74.4	2-Oxoglutarate	HMDB00208	CHEBI:30915	C00026	no_hpo_metabolite_term_for_disorder	
PC	56	PC Pyruvate Carboxylase Deficiency	5091.1	_PCm	EX_acac[u]	acac	u	urine	Increased	urine/blood	Increased (urine/blood)	True	2359	2425	PC		353320	Pyruvate carboxylase deficiency, benign type	0.861	Disease-causing germline mutation(s) in	Assessed	3	266150	E74.4	Acetoacetate	HMDB00060	CHEBI:15344	C00164	no_hpo_metabolite_term_for_disorder	
PC	56	PC Pyruvate Carboxylase Deficiency	5091.1	_PCm	EX_bhb[u]	bhb	u	urine	Increased	urine/blood	Increased (urine/blood)	True	2359	2425	PC		353320	Pyruvate carboxylase deficiency, benign type	0.861	Disease-causing germline mutation(s) in	Assessed	3	266150	E74.4	(R)-3-Hydroxybutyrate	HMDB00011	CHEBI:17066	C01089	no_hpo_metabolite_term_for_disorder	
PHOX1	57	PHOX1 Primary Hyperoxaluria-Type 1	189.1	_AGTix;_SPTix;_r0160	EX_oxa[u]	oxa	u	urine	Increased	urine	Increased (urine)	False	2427	2446	AGXT		93598	Primary hyperoxaluria type 1	0.871	Disease-causing germline mutation(s) in	Assessed	1	259900	E74.8	Oxalate		CHEBI:16995	C00209	corroborated	HP:0003159 Hyperoxaluria [Very frequent (99-80%)]
PHOX1	57	PHOX1 Primary Hyperoxaluria-Type 1	189.1	_AGTix;_SPTix;_r0160	EX_glyclt[u]	glyclt	u	urine	Increased	urine	Increased (urine)	False	2427	2446	AGXT		93598	Primary hyperoxaluria type 1	0.871	Disease-causing germline mutation(s) in	Assessed	1	259900	E74.8	Glycolate	HMDB00115	CHEBI:17497	C00160	not_in_hpo_annotations	
PHOX1	57	PHOX1 Primary Hyperoxaluria-Type 1	189.1	_AGTix;_SPTix;_r0160	EX_glx[u]	glx	u	urine	Increased	urine	Increased (urine)	False	2427	2446	AGXT		93598	Primary hyperoxaluria type 1	0.871	Disease-causing germline mutation(s) in	Assessed	1	259900	E74.8	Glyoxylate	HMDB00119	CHEBI:16891	C00048	not_in_hpo_annotations	
ADSL	58	ADSL Adenylosuccinase Deficiency	4967.1	_ADSL1;_ADSL2	EX_25aics[u]	25aics	u	urine	Increased	urine/csf	Increased (urine/csf)	True	2449	2481	OGDH		31	Oxoglutaric aciduria	0.579	Disease-causing germline mutation(s) (loss of function) in	Assessed	1	203740	E88.8	(S)-2-[5-Amino-1-(5-Phospho-D-Ribosyl)Imidazole-4-Carboxamido]Succinate		CHEBI:18319	C04823	no_hpo_metabolite_term_for_disorder	
ADSL	58	ADSL Adenylosuccinase Deficiency	4967.1	_ADSL1;_ADSL2	DM_Brain_25aics[c]	Brain_25aics	c	cytosol	Increased	urine/csf	Increased (urine/csf)	False	2449	2481	OGDH		31	Oxoglutaric aciduria	0.579	Disease-causing germline mutation(s) (loss of function) in	Assessed	1	203740	E88.8					no_hpo_metabolite_term_for_disorder	
CD	59	CD Canavan Disease - only milder forms of this disease have been reported (there is an isozyme in Recon -- due to mild form report I included this IEM anyway)	443.1	_NACASPAH	EX_25aics[u]	25aics	u	urine	Increased	urine/csf	Increased (urine/csf)	False	2485	2520	ASPA		314918	Mild Canavan disease	0.191	Disease-causing germline mutation(s) (loss of function) in	Assessed	2	271900	E75.2	(S)-2-[5-Amino-1-(5-Phospho-D-Ribosyl)Imidazole-4-Carboxamido]Succinate		CHEBI:18319	C04823	no_hpo_metabolite_term_for_disorder	
CD	59	CD Canavan Disease - only milder forms of this disease have been reported (there is an isozyme in Recon -- due to mild form report I included this IEM anyway)	443.1	_NACASPAH	EX_Nacasp[u]	Nacasp	u	urine	Increased	urine/csf/blood	Increased (urine/csf/blood)	True	2485	2520	ASPA		314918	Mild Canavan disease	0.191	Disease-causing germline mutation(s) (loss of function) in	Assessed	2	271900	E75.2	N-Acetyl-L-Aspartate	HMDB00812	CHEBI:21547	C01042	no_hpo_metabolite_term_for_disorder	
CD	59	CD Canavan Disease - only milder forms of this disease have been reported (there is an isozyme in Recon -- due to mild form report I included this IEM anyway)	443.1	_NACASPAH	DM_Nacasp[bc]	Nacasp	bc	blood	Increased	urine/csf/blood	Increased (urine/csf/blood)	False	2485	2520	ASPA		314918	Mild Canavan disease	0.191	Disease-causing germline mutation(s) (loss of function) in	Assessed	2	271900	E75.2	N-Acetyl-L-Aspartate	HMDB00812	CHEBI:21547	C01042	no_hpo_metabolite_term_for_disorder	
CD	59	CD Canavan Disease - only milder forms of this disease have been reported (there is an isozyme in Recon -- due to mild form report I included this IEM anyway)	443.1	_NACASPAH	DM_Nacasp[csf]	Nacasp	csf	csf	Increased	urine/csf/blood	Increased (urine/csf/blood)	False	2485	2520	ASPA		314918	Mild Canavan disease	0.191	Disease-causing germline mutation(s) (loss of function) in	Assessed	2	271900	E75.2	N-Acetyl-L-Aspartate	HMDB00812	CHEBI:21547	C01042	no_hpo_metabolite_term_for_disorder	
HPC	60	HPC Hereditary Coproporphyria	1371.1	_CPPPGO	EX_25aics[u]	25aics	u	urine	Increased	urine/csf	Increased (urine/csf)	False	2522	2557	CPOX		79273	Hereditary coproporphyria	0.926	Disease-causing germline mutation(s) in	Assessed	2	121300	E80.2	(S)-2-[5-Amino-1-(5-Phospho-D-Ribosyl)Imidazole-4-Carboxamido]Succinate		CHEBI:18319	C04823	not_in_hpo_annotations	
HPC	60	HPC Hereditary Coproporphyria	1371.1	_CPPPGO	EX_C05770[u]	C05770	u	urine	Increased	urine/csf/blood	Increased (urine/csf/blood)	True	2522	2557	CPOX		79273	Hereditary coproporphyria	0.926	Disease-causing germline mutation(s) in	Assessed	2	121300	E80.2	Coproporphyrin Iii	HMDB00570	CHEBI:27609	C05770	corroborated	HP:0010473 Porphyrinuria [Frequent (79-30%)]
HPC	60	HPC Hereditary Coproporphyria	1371.1	_CPPPGO	DM_C05770[bc]	C05770	bc	blood	Increased	urine/csf/blood	Increased (urine/csf/blood)	False	2522	2557	CPOX		79273	Hereditary coproporphyria	0.926	Disease-causing germline mutation(s) in	Assessed	2	121300	E80.2	Coproporphyrin Iii	HMDB00570	CHEBI:27609	C05770	corroborated_other_biofluid	HP:0010473 Porphyrinuria [Frequent (79-30%)]
HPC	60	HPC Hereditary Coproporphyria	1371.1	_CPPPGO	DM_C05770[csf]	C05770	csf	csf	Increased	urine/csf/blood	Increased (urine/csf/blood)	False	2522	2557	CPOX		79273	Hereditary coproporphyria	0.926	Disease-causing germline mutation(s) in	Assessed	2	121300	E80.2	Coproporphyrin Iii	HMDB00570	CHEBI:27609	C05770	corroborated_other_biofluid	HP:0010473 Porphyrinuria [Frequent (79-30%)]
HMET	61	HMET Hypermethioninemia	191.1	_GNMT	EX_met_L[u]	met_L	u	urine	Increased	urine/blood	Increased (urine/blood)	True	2560	2597	AHCY		88618	S-adenosylhomocysteine hydrolase deficiency	0.303	Disease-causing germline mutation(s) in	Assessed	1	613752	E72.1	L-Methionine	HMDB00696	CHEBI:16643	C00073	corroborated_other_biofluid	HP:0003235 Hypermethioninemia [Occasional (29-5%)]
HMET	61	HMET Hypermethioninemia	191.1	_GNMT	EX_hcys_L[u]	hcys_L	u	urine	Increased	urine/blood	Increased (urine/blood)	True	2560	2597	AHCY		88618	S-adenosylhomocysteine hydrolase deficiency	0.303	Disease-causing germline mutation(s) in	Assessed	1	613752	E72.1	L-Homocysteine	HMDB00742	CHEBI:17230	C00155	not_in_hpo_annotations	
HMET	61	HMET Hypermethioninemia	191.1	_GNMT	DM_hcys_L[bc]	hcys_L	bc	blood	Increased	urine/blood	Increased (urine/blood)	False	2560	2597	AHCY		88618	S-adenosylhomocysteine hydrolase deficiency	0.303	Disease-causing germline mutation(s) in	Assessed	1	613752	E72.1	L-Homocysteine	HMDB00742	CHEBI:17230	C00155	not_in_hpo_annotations	
HMET	61	HMET Hypermethioninemia	191.1	_GNMT	DM_met_L[bc]	met_L	bc	blood	Increased	urine/blood	Increased (urine/blood)	False	2560	2597	AHCY		88618	S-adenosylhomocysteine hydrolase deficiency	0.303	Disease-causing germline mutation(s) in	Assessed	1	613752	E72.1	L-Methionine	HMDB00696	CHEBI:16643	C00073	corroborated	HP:0003235 Hypermethioninemia [Occasional (29-5%)]
DESMO	62	DESMO Desmosterolosis	1718.1	_DHCR241r;_DHCR243r;_r0783;_r1380;_DSREDUCr;_HMR_1526;_RE3129N	DM_dsmsterol[bc]	dsmsterol	bc	blood	Increased	blood	Increased (blood)	False	2600	2643	DHCR24		35107	Desmosterolosis	0.833	Disease-causing germline mutation(s) in	Assessed	1	602398	Q87.8	Desmosterol	HMDB02719	CHEBI:17737	C01802	no_hpo_metabolite_term_for_disorder	
2OAA	63	2OAA 2-Oxoadipate Acidemia	89874.1	_2OXOADPTm;_2AMADPTm;_r0879	DM_L2aadp[bc]	L2aadp	bc	blood	Increased	blood	Increased (blood)	False	2647	2683	SLC25A21							0			L-2-Aminoadipate	HMDB00510	CHEBI:37024	C00956	no_hpo_metabolite_term_for_disorder	
2OAA	63	2OAA 2-Oxoadipate Acidemia	89874.1	_2OXOADPTm;_2AMADPTm;_r0879	EX_2oxoadp[u]	2oxoadp	u	urine	Increased	urine	Increased (urine)	True	2647	2683	SLC25A21							0			2-Oxoadipate	HMDB00225	CHEBI:15753	C00322	no_hpo_metabolite_term_for_disorder	
2OAA	63	2OAA 2-Oxoadipate Acidemia	89874.1	_2OXOADPTm;_2AMADPTm;_r0879	EX_adpoh[u]	adpoh	u	urine	Increased	urine	Increased (urine)	True	2647	2683	SLC25A21							0			2-Hydroxyadipic Acid				no_hpo_metabolite_term_for_disorder	
