GCF_900094565.1	293958	Rhizobium lusitanum	models/r/rhizobium/Rhizobium_lusitanum_P1_7.xml.gz
GCF_000255295.1	1144275	Corallococcus coralloides DSM 2259	models/c/corallococcus/Corallococcus_coralloides_DSM_2259.xml.gz
GCF_900115595.1	441119	Tranquillimonas alkanivorans	models/t/tranquillimonas/Tranquillimonas_alkanivorans_DSM_19547.xml.gz
GCF_001701045.1	1197717	Cloacibacillus porcorum	models/c/cloacibacillus/Cloacibacillus_porcorum_CL_84.xml.gz
GCF_000687835.1	1408417	Acholeplasma modicum ATCC 29102	models/a/acholeplasma/Acholeplasma_modicum_ATCC_29102.xml.gz
GCF_000012565.1	269484	Ehrlichia canis str. Jake	models/e/ehrlichia/Ehrlichia_canis_str_Jake.xml.gz
GCF_900096955.1	1219383	Acinetobacter boissieri	models/a/acinetobacter/Acinetobacter_boissieri_ANC_4422.xml.gz
GCF_900116905.1	574650	Micrococcus terreus	models/m/micrococcus/Micrococcus_terreus_CGMCC_1_7054.xml.gz
GCF_000378005.1	1259795	Coprothermobacter platensis DSM 11748	models/c/coprothermobacter/Coprothermobacter_platensis_DSM_11748.xml.gz
GCF_900128905.1	1297750	Bacteroides luti	models/b/bacteroides/Bacteroides_luti_DSM_26991.xml.gz
GCF_001941485.1	1437875	Corynebacterium frankenforstense DSM 45800	models/c/corynebacterium/Corynebacterium_frankenforstense_DSM_45800_ST18.xml.gz
GCF_000006765.1	208964	Pseudomonas aeruginosa PAO1	models/p/pseudomonas/Pseudomonas_aeruginosa_PAO1.xml.gz
GCF_000023205.1	465515	Micrococcus luteus NCTC 2665	models/m/micrococcus/Micrococcus_luteus_NCTC_2665.xml.gz
GCF_000967915.1	61635	Acholeplasma brassicae	models/a/acholeplasma/Acholeplasma_brassicae_O502.xml.gz
GCF_900129355.1	112248	Seinonella peptonophila	models/s/seinonella/Seinonella_peptonophila_DSM_44666.xml.gz
GCF_000190755.2	697282	Methylobacter tundripaludum SV96	models/m/methylobacter/Methylobacter_tundripaludum_SV96.xml.gz
GCF_000500065.1	1417229	Borrelia hispanica CRI	models/b/borrelia/Borrelia_hispanica_CRI.xml.gz
GCF_000507865.1	1357399	Helicobacter canis NCTC 12740	models/h/helicobacter/Helicobacter_canis_NCTC_12740.xml.gz
GCF_000154505.1	411468	[Clostridium] scindens ATCC 35704	models/c/clostridium/Clostridium_scindens_ATCC_35704.xml.gz
GCF_001878855.1	1904463	Arcobacter lekithochrous	models/a/arcobacter/Arcobacter_lekithochrous_LFT_1_7.xml.gz
GCF_000174895.1	641112	Ruminococcus flavefaciens FD-1	models/r/ruminococcus/Ruminococcus_flavefaciens_FD_1.xml.gz
GCF_000213975.1	888060	Centipeda periodontii DSM 2778	models/c/centipeda/Centipeda_periodontii_DSM_2778.xml.gz
GCF_001514535.1	86166	Thermodesulfovibrio aggregans	models/t/thermodesulfovibrio/Thermodesulfovibrio_aggregans_TGE_P1.xml.gz
GCF_000380505.1	1122132	Kaistia granuli DSM 23481	models/k/kaistia/Kaistia_granuli_DSM_23481_Ko04.xml.gz
GCF_000313915.1	1234409	Catellicoccus marimammalium M35/04/3	models/c/catellicoccus/Catellicoccus_marimammalium_M35_04_3.xml.gz
GCF_001587375.1	46224	Bacillus sporothermodurans	models/b/bacillus/Bacillus_sporothermodurans_B4102.xml.gz
GCF_000718325.1	1713	Oerskovia turbata	models/o/oerskovia/Oerskovia_turbata_NRRL_B_8019.xml.gz
GCF_000012425.1	159087	Dechloromonas aromatica RCB	models/d/dechloromonas/Dechloromonas_aromatica_RCB.xml.gz
GCF_900167075.1	413434	Sediminibacterium ginsengisoli	models/s/sediminibacterium/Sediminibacterium_ginsengisoli_DSM_22335.xml.gz
GCF_000212695.1	590998	Cellulomonas fimi ATCC 484	models/c/cellulomonas/Cellulomonas_fimi_ATCC_484.xml.gz
GCF_000421625.1	1123389	Thermus islandicus DSM 21543	models/t/thermus/Thermus_islandicus_DSM_21543.xml.gz
GCF_000421285.1	1304886	Desulfotignum balticum DSM 7044	models/d/desulfotignum/Desulfotignum_balticum_DSM_7044.xml.gz
GCF_000285495.1	946235	Oceanobacillus massiliensis str. N'diop	models/o/oceanobacillus/Oceanobacillus_massiliensis_str_N_diop_Ndiop.xml.gz
GCF_000187975.2	873449	Streptococcus criceti HS-6	models/s/streptococcus/Streptococcus_criceti_HS_6.xml.gz
GCF_900112995.1	706562	Lactobacillus rogosae	models/l/lactobacillus/Lactobacillus_rogosae_ATCC_27753.xml.gz
GCF_000701465.1	1122933	Paraoerskovia marina DSM 21750	models/p/paraoerskovia/Paraoerskovia_marina_DSM_21750.xml.gz
GCF_900156835.1	405559	Paracoccus saliphilus	models/p/paracoccus/Paracoccus_saliphilus_DSM_18447.xml.gz
GCF_000423625.1	1123024	Pseudonocardia asaccharolytica DSM 44247 = NBRC 16224	models/p/pseudonocardia/Pseudonocardia_asaccharolytica_DSM_44247_NBRC_16224.xml.gz
GCF_000425385.1	1121480	Pseudoduganella violaceinigra DSM 15887	models/p/pseudoduganella/Pseudoduganella_violaceinigra_DSM_15887.xml.gz
GCF_900176305.1	1121291	Clostridium acidisoli DSM 12555	models/c/clostridium/Clostridium_acidisoli_DSM_12555.xml.gz
GCF_000178455.1	585530	Brevibacterium mcbrellneri ATCC 49030	models/b/brevibacterium/Brevibacterium_mcbrellneri_ATCC_49030.xml.gz
GCF_001719065.1	1008305	Fervidobacterium thailandensis	models/f/fervidobacterium/Fervidobacterium_thailandensis_FC2004.xml.gz
GCF_000723405.1	65786	Hydrogenophaga intermedia	models/h/hydrogenophaga/Hydrogenophaga_intermedia_S1.xml.gz
GCF_000020465.1	290315	Chlorobium limicola DSM 245	models/c/chlorobium/Chlorobium_limicola_DSM_245.xml.gz
GCF_001592745.1	959	Bdellovibrio bacteriovorus	models/b/bdellovibrio/Bdellovibrio_bacteriovorus_EC13.xml.gz
GCF_900128735.1	1878935	Buchnera aphidicola (Cinara confinis)	models/b/buchnera/Buchnera_aphidicola_Cinara_confinis_BCiconfinis.xml.gz
GCF_000741695.1	1437610	Bifidobacterium reuteri DSM 23975	models/b/bifidobacterium/Bifidobacterium_reuteri_DSM_23975.xml.gz
GCF_900116065.1	871741	Brevundimonas viscosa	models/b/brevundimonas/Brevundimonas_viscosa_CGMCC_1_10683.xml.gz
GCF_000021545.1	204536	Sulfurihydrogenibium azorense Az-Fu1	models/s/sulfurihydrogenibium/Sulfurihydrogenibium_azorense_Az_Fu1.xml.gz
GCF_000827125.1	483547	Geoalkalibacter subterraneus	models/g/geoalkalibacter/Geoalkalibacter_subterraneus_Red1.xml.gz
GCF_900106955.1	574349	Aidingimonas halophila	models/a/aidingimonas/Aidingimonas_halophila_DSM_19219.xml.gz
GCF_000373385.1	1123393	Thiobacillus thioparus DSM 505	models/t/thiobacillus/Thiobacillus_thioparus_DSM_505.xml.gz
GCF_000297115.1	857293	Caloramator australicus RC3	models/c/caloramator/Caloramator_australicus_RC3.xml.gz
GCF_000422385.1	1122238	Microbacterium indicum DSM 19969	models/m/microbacterium/Microbacterium_indicum_DSM_19969.xml.gz
GCF_000165735.1	706434	Megasphaera micronuciformis F0359	models/m/megasphaera/Megasphaera_micronuciformis_F0359.xml.gz
GCF_001567585.1	47874	Micromonospora rosaria	models/m/micromonospora/Micromonospora_rosaria_DSM_803.xml.gz
GCF_000153485.2	313595	Psychroflexus torquis ATCC 700755	models/p/psychroflexus/Psychroflexus_torquis_ATCC_700755.xml.gz
GCF_000317855.1	759913	Streptococcus dysgalactiae subsp. equisimilis AC-2713	models/s/streptococcus/Streptococcus_dysgalactiae_subsp_equisimilis_AC_2713.xml.gz
GCF_000701785.1	1408453	Mycoplasma alvi ATCC 29626	models/m/mycoplasma/Mycoplasma_alvi_ATCC_29626.xml.gz
GCF_000620765.1	1121433	Desulfovermiculus halophilus DSM 18834	models/d/desulfovermiculus/Desulfovermiculus_halophilus_DSM_18834.xml.gz
GCF_001403875.1	687436	Paenibacillus ihumii	models/p/paenibacillus/Paenibacillus_ihumii_AT5.xml.gz
GCF_900187885.1	877466	Thermoflexus hugenholtzii JAD2	models/t/thermoflexus/Thermoflexus_hugenholtzii_JAD2.xml.gz
GCF_000473955.1	1349822	Coprobacter fastidiosus NSB1	models/c/coprobacter/Coprobacter_fastidiosus_NSB1.xml.gz
GCF_000310185.1	1234381	Thauera aminoaromatica S2	models/t/thauera/Thauera_aminoaromatica_S2.xml.gz
GCF_900101115.1	386301	Cryobacterium psychrotolerans	models/c/cryobacterium/Cryobacterium_psychrotolerans_CGMCC_1_5382.xml.gz
GCF_900177745.1	1610489	Corynebacterium pollutisoli	models/c/corynebacterium/Corynebacterium_pollutisoli_VDS.xml.gz
GCF_000331575.1	1191699	Bacillus oryziterrae	models/b/bacillus/Bacillus_oryziterrae_ZYK.xml.gz
GCF_000689195.1	1286631	Sphaerotilus natans subsp. natans DSM 6575	models/s/sphaerotilus/Sphaerotilus_natans_subsp_natans_DSM_6575.xml.gz
GCF_000308635.1	1206732	Nocardia otitidiscaviarum NBRC 14405	models/n/nocardia/Nocardia_otitidiscaviarum_NBRC_14405.xml.gz
GCF_000764185.1	28229	Colwellia psychrerythraea	models/c/colwellia/Colwellia_psychrerythraea_GAB14E.xml.gz
GCF_001484935.1	1242245	Acinetobacter johnsonii XBB1	models/a/acinetobacter/Acinetobacter_johnsonii_XBB1.xml.gz
GCF_000379985.1	1123298	Streptococcus caballi DSM 19004	models/s/streptococcus/Streptococcus_caballi_DSM_19004.xml.gz
GCF_000195635.1	763034	Bacteroides fluxus YIT 12057	models/b/bacteroides/Bacteroides_fluxus_YIT_12057.xml.gz
GCF_000583875.1	1229831	Chlamydia avium 10DC88	models/c/chlamydia/Chlamydia_avium_10DC88.xml.gz
GCF_000015025.1	351607	Acidothermus cellulolyticus 11B	models/a/acidothermus/Acidothermus_cellulolyticus_11B_11B_ATCC_43068.xml.gz
GCF_900111375.1	587636	Phycicoccus cremeus	models/p/phycicoccus/Phycicoccus_cremeus_CGMCC_1_6963.xml.gz
GCF_900115565.1	587909	Yuhushiella deserti	models/y/yuhushiella/Yuhushiella_deserti_CGMCC_4_5579.xml.gz
GCF_000772915.1	1000562	Streptococcus phocae subsp. salmonis	models/s/streptococcus/Streptococcus_phocae_subsp_salmonis_C_4.xml.gz
GCF_000092365.1	644284	Arcanobacterium haemolyticum DSM 20595	models/a/arcanobacterium/Arcanobacterium_haemolyticum_DSM_20595.xml.gz
GCF_000179035.2	768700	Mycoplasma suis str. Illinois	models/m/mycoplasma/Mycoplasma_suis_str_Illinois.xml.gz
GCF_001936235.1	109790	Lactobacillus jensenii	models/l/lactobacillus/Lactobacillus_jensenii_SNUV360.xml.gz
GCF_000703005.1	1458469	Pseudobutyrivibrio ruminis HUN009	models/p/pseudobutyrivibrio/Pseudobutyrivibrio_ruminis_HUN009.xml.gz
GCF_002015115.1	734	Haemophilus paracuniculus	models/h/haemophilus/Haemophilus_paracuniculus_CCUG_43573.xml.gz
GCF_001907655.1	1801	Mycobacterium diernhoferi	models/m/mycobacterium/Mycobacterium_diernhoferi_Bard.xml.gz
GCF_000763135.1	1677920	Helicobacter jaachi	models/h/helicobacter/Helicobacter_jaachi_MIT_09_6949.xml.gz
GCF_000375425.1	1121930	Gracilimonas tropica DSM 19535	models/g/gracilimonas/Gracilimonas_tropica_DSM_19535.xml.gz
GCF_000245795.1	883113	Facklamia languida CCUG 37842	models/f/facklamia/Facklamia_languida_CCUG_37842.xml.gz
GCF_000021565.1	123214	Persephonella marina EX-H1	models/p/persephonella/Persephonella_marina_EX_H1.xml.gz
GCF_000160535.1	585502	Prevotella bergensis DSM 17361	models/p/prevotella/Prevotella_bergensis_DSM_17361.xml.gz
GCF_000733855.1	39774	Methylomicrobium agile	models/m/methylomicrobium/Methylomicrobium_agile_ATCC_35068.xml.gz
GCF_000720925.1	367299	Phycicoccus jejuensis	models/p/phycicoccus/Phycicoccus_jejuensis_NRRL_B_24460.xml.gz
GCF_002029235.1	1450648	Clostridium oryzae	models/c/clostridium/Clostridium_oryzae_DSM_28571.xml.gz
GCF_900109605.1	464029	Rhizobium oryzae	models/r/rhizobium/Rhizobium_oryzae_CGMCC_1_7048.xml.gz
GCF_000372425.1	1123303	Streptococcus ferus DSM 20646	models/s/streptococcus/Streptococcus_ferus_DSM_20646.xml.gz
GCF_001702175.1	240427	Lactobacillus paracollinoides	models/l/lactobacillus/Lactobacillus_paracollinoides_TMW_1_1994.xml.gz
GCF_000621445.1	1408424	Bacillus bogoriensis ATCC BAA-922	models/b/bacillus/Bacillus_bogoriensis_ATCC_BAA_922.xml.gz
GCF_000429265.1	1120943	Actinomyces gerencseriae DSM 6844	models/a/actinomyces/Actinomyces_gerencseriae_DSM_6844.xml.gz
GCF_000190695.1	888741	Kingella denitrificans ATCC 33394	models/k/kingella/Kingella_denitrificans_ATCC_33394.xml.gz
GCF_002013915.1	1792845	Mucilaginibacter pedocola	models/m/mucilaginibacter/Mucilaginibacter_pedocola_TBZ30.xml.gz
GCF_900188095.1	1688639	Noviherbaspirillum humi	models/n/noviherbaspirillum/Noviherbaspirillum_humi_U15.xml.gz
GCF_000174755.1	553178	Capnocytophaga gingivalis ATCC 33624	models/c/capnocytophaga/Capnocytophaga_gingivalis_ATCC_33624.xml.gz
GCF_900176415.1	504486	Cellulophaga tyrosinoxydans	models/c/cellulophaga/Cellulophaga_tyrosinoxydans_DSM_21164.xml.gz
GCF_001700895.1	118101	Buchnera aphidicola (Diuraphis noxia)	models/b/buchnera/Buchnera_aphidicola_Diuraphis_noxia.xml.gz
GCF_000321185.1	1211814	Bacillus massilioanorexius AP8	models/b/bacillus/Bacillus_massilioanorexius_AP8.xml.gz
GCF_900141865.1	1120997	Anaerovibrio lipolyticus DSM 3074	models/a/anaerovibrio/Anaerovibrio_lipolyticus_DSM_3074.xml.gz
GCF_000330705.1	1235755	Salinicoccus carnicancri Crm	models/s/salinicoccus/Salinicoccus_carnicancri_Crm.xml.gz
GCF_000512915.1	880074	Barnesiella viscericola DSM 18177	models/b/barnesiella/Barnesiella_viscericola_DSM_18177_C46_DSM_18177.xml.gz
GCF_000947195.1	38313	Shewanella algae	models/s/shewanella/Shewanella_algae_MARS_14.xml.gz
GCF_000429985.1	1121441	Desulfovibrio bastinii DSM 16055	models/d/desulfovibrio/Desulfovibrio_bastinii_DSM_16055.xml.gz
GCF_000752395.1	1499685	Bacillus andreraoultii	models/b/bacillus/Bacillus_andreraoultii.xml.gz
GCF_000025965.1	76114	Aromatoleum aromaticum EbN1	models/a/aromatoleum/Aromatoleum_aromaticum_EbN1.xml.gz
GCF_000729985.1	266748	Chryseobacterium antarcticum	models/c/chryseobacterium/Chryseobacterium_antarcticum_LMG_24720.xml.gz
GCF_000737775.1	558152	Chryseobacterium piperi	models/c/chryseobacterium/Chryseobacterium_piperi_CTM.xml.gz
GCF_900110105.1	551995	Mucilaginibacter gossypiicola	models/m/mucilaginibacter/Mucilaginibacter_gossypiicola_Gh_48.xml.gz
GCF_000159315.1	1423757	Lactobacillus hilgardii DSM 20176 = ATCC 8290	models/l/lactobacillus/Lactobacillus_hilgardii_DSM_20176_ATCC_8290.xml.gz
GCF_001507645.1	1411621	Hymenobacter sedentarius	models/h/hymenobacter/Hymenobacter_sedentarius_DG5B.xml.gz
GCF_001729245.1	28452	Leptospira alstonii	models/l/leptospira/Leptospira_alstonii_GWTS_1.xml.gz
GCF_000711955.1	1122604	Nevskia soli DSM 19509	models/n/nevskia/Nevskia_soli_DSM_19509.xml.gz
GCF_001630115.1	1455	Bacillus badius	models/b/bacillus/Bacillus_badius_SGD_V_25.xml.gz
GCF_000243115.2	929713	Niabella soli DSM 19437	models/n/niabella/Niabella_soli_DSM_19437_JS13_8_DSM_19437.xml.gz
GCF_000009945.1	264202	Chlamydia felis Fe/C-56	models/c/chlamydia/Chlamydia_felis_Fe_C_56.xml.gz
GCF_000426305.1	1120998	Anaerovorax odorimutans DSM 5092	models/a/anaerovorax/Anaerovorax_odorimutans_DSM_5092.xml.gz
GCF_000311865.1	1118062	Peptoniphilus obesi ph1	models/p/peptoniphilus/Peptoniphilus_obesi_ph1.xml.gz
GCF_000242595.2	889378	Spirochaeta africana DSM 8902	models/s/spirochaeta/Spirochaeta_africana_DSM_8902.xml.gz
GCF_000332315.1	317619	Prochlorothrix hollandica PCC 9006 = CALU 1027	models/p/prochlorothrix/Prochlorothrix_hollandica_PCC_9006_CALU_1027.xml.gz
GCF_000284415.1	1150469	Pararhodospirillum photometricum DSM 122	models/p/pararhodospirillum/Pararhodospirillum_photometricum_DSM_122.xml.gz
GCF_900112975.1	935223	Flavobacterium xueshanense	models/f/flavobacterium/Flavobacterium_xueshanense_CGMCC_1_9227.xml.gz
GCF_000177235.2	649639	Bacillus cellulosilyticus DSM 2522	models/b/bacillus/Bacillus_cellulosilyticus_DSM_2522.xml.gz
GCF_000775775.1	1562701	bacterium endosymbiont of Mortierella elongata FMR23-6	models/b/bacterium/bacterium_endosymbiont_of_Mortierella_elongata_FMR23_6.xml.gz
GCF_002006565.1	1076596	Acetobacter persici	models/a/acetobacter/Acetobacter_persici_TMW2_1084.xml.gz
GCF_000423245.1	1122146	Lactobacillus ceti DSM 22408	models/l/lactobacillus/Lactobacillus_ceti_DSM_22408.xml.gz
GCF_002086335.1	560555	Mycobacterium mantenii	models/m/mycobacterium/Mycobacterium_mantenii_DSM_45255.xml.gz
GCF_000827005.1	1888	Streptomyces albus	models/s/streptomyces/Streptomyces_albus_DSM_41398.xml.gz
GCF_001660005.1	1867252	Borrelia hermsii HS1	models/b/borrelia/Borrelia_hermsii_HS1.xml.gz
GCF_000193395.1	767031	Prevotella denticola F0289	models/p/prevotella/Prevotella_denticola_F0289.xml.gz
GCF_000964085.1	345309	Luteibacter yeojuensis	models/l/luteibacter/Luteibacter_yeojuensis_SU11.xml.gz
GCF_001708305.1	1888195	Streptococcus himalayensis	models/s/streptococcus/Streptococcus_himalayensis_HTS2.xml.gz
GCF_900089125.1	114977	Mycobacterium acapulcensis	models/m/mycobacterium/Mycobacterium_acapulcensis_CSURP1424.xml.gz
GCF_001590985.1	1219034	Novosphingobium naphthalenivorans NBRC 102051	models/n/novosphingobium/Novosphingobium_naphthalenivorans_NBRC_102051.xml.gz
GCF_001021555.1	874156	Erythrobacter marinus	models/e/erythrobacter/Erythrobacter_marinus_KCTC_23554.xml.gz
GCF_001637225.1	253703	Paenibacillus antarcticus	models/p/paenibacillus/Paenibacillus_antarcticus_CECT_5836.xml.gz
GCF_900103275.1	686624	Tessaracoccus oleiagri	models/t/tessaracoccus/Tessaracoccus_oleiagri_CGMCC_1_9159.xml.gz
GCF_000372865.1	1132443	Methylosarcina fibrata AML-C10	models/m/methylosarcina/Methylosarcina_fibrata_AML_C10.xml.gz
GCF_000014265.1	203124	Trichodesmium erythraeum IMS101	models/t/trichodesmium/Trichodesmium_erythraeum_IMS101.xml.gz
GCF_000008205.1	262719	Mycoplasma hyopneumoniae J	models/m/mycoplasma/Mycoplasma_hyopneumoniae_J.xml.gz
GCF_002086795.1	75922	Mycobacterium tusciae	models/m/mycobacterium/Mycobacterium_tusciae_DSM_44153.xml.gz
GCF_000253015.1	696125	Bartonella clarridgeiae 73	models/b/bartonella/Bartonella_clarridgeiae_73.xml.gz
GCF_000022145.1	455488	Anaeromyxobacter dehalogenans 2CP-1	models/a/anaeromyxobacter/Anaeromyxobacter_dehalogenans_2CP_1.xml.gz
GCF_000026605.1	40041	Streptococcus equi subsp. zooepidemicus	models/s/streptococcus/Streptococcus_equi_subsp_zooepidemicus_H70.xml.gz
GCF_000023065.1	595494	Tolumonas auensis DSM 9187	models/t/tolumonas/Tolumonas_auensis_DSM_9187.xml.gz
GCF_000468015.1	411473	Ruminococcus callidus ATCC 27760	models/r/ruminococcus/Ruminococcus_callidus_ATCC_27760.xml.gz
GCF_000565175.1	1276246	Spiroplasma culicicola AES-1	models/s/spiroplasma/Spiroplasma_culicicola_AES_1.xml.gz
GCF_900187375.1	89968	Hymenobacter gelipurpurascens	models/h/hymenobacter/Hymenobacter_gelipurpurascens_DSM_11116.xml.gz
GCF_900168015.1	572036	Pedobacter luteus	models/p/pedobacter/Pedobacter_luteus_DSM_22385.xml.gz
GCF_900107845.1	152573	Alkalimonas amylolytica	models/a/alkalimonas/Alkalimonas_amylolytica_CGMCC_1_3430.xml.gz
GCF_000407545.1	1158614	Enterococcus gilvus ATCC BAA-350	models/e/enterococcus/Enterococcus_gilvus_ATCC_BAA_350.xml.gz
GCF_001676155.1	368603	Morganella psychrotolerans	models/m/morganella/Morganella_psychrotolerans_GCSL_P101.xml.gz
GCF_900111755.1	349064	Thalassotalea agarivorans	models/t/thalassotalea/Thalassotalea_agarivorans_DSM_19706.xml.gz
GCF_001761345.1	621456	Sphingomonas melonis TY	models/s/sphingomonas/Sphingomonas_melonis_TY.xml.gz
GCF_900096905.1	1612202	Pelagirhabdus alkalitolerans	models/p/pelagirhabdus/Pelagirhabdus_alkalitolerans_S5.xml.gz
GCF_000828475.1	1384459	Methyloceanibacter caenitepidi	models/m/methyloceanibacter/Methyloceanibacter_caenitepidi_Gela4.xml.gz
GCF_900148505.1	1123029	Pseudoxanthobacter soli DSM 19599	models/p/pseudoxanthobacter/Pseudoxanthobacter_soli_DSM_19599.xml.gz
GCF_001722335.1	1776	Mycobacterium flavescens	models/m/mycobacterium/Mycobacterium_flavescens_M6.xml.gz
GCF_000023225.1	525897	Desulfomicrobium baculatum DSM 4028	models/d/desulfomicrobium/Desulfomicrobium_baculatum_DSM_4028.xml.gz
GCF_000342045.1	1244869	Magnetospirillum caucaseum	models/m/magnetospirillum/Magnetospirillum_caucaseum_SO_1.xml.gz
GCF_900142405.1	1055723	Muricauda antarctica	models/m/muricauda/Muricauda_antarctica_CGMCC_1_12174.xml.gz
GCF_900167025.1	225004	Treponema berlinense	models/t/treponema/Treponema_berlinense_ATCC_BAA_909.xml.gz
GCF_000614105.1	1122987	Prevotella micans DSM 21469 = JCM 16134	models/p/prevotella/Prevotella_micans_DSM_21469_JCM_16134.xml.gz
GCF_000023925.1	478801	Kytococcus sedentarius DSM 20547	models/k/kytococcus/Kytococcus_sedentarius_DSM_20547.xml.gz
GCF_002028405.1	926	Thiomonas intermedia	models/t/thiomonas/Thiomonas_intermedia_ATCC_15466.xml.gz
GCF_000741525.1	1437606	Bifidobacterium bohemicum DSM 22767	models/b/bifidobacterium/Bifidobacterium_bohemicum_DSM_22767.xml.gz
GCF_000423805.1	1123364	Thalassobaculum salexigens DSM 19539	models/t/thalassobaculum/Thalassobaculum_salexigens_DSM_19539.xml.gz
GCF_000160775.2	585531	Aeromicrobium marinum DSM 15272	models/a/aeromicrobium/Aeromicrobium_marinum_DSM_15272.xml.gz
GCF_001613165.1	1210089	Nocardia mexicana NBRC 108244	models/n/nocardia/Nocardia_mexicana_NBRC_108244.xml.gz
GCF_000423345.1	1122194	Marinimicrobium agarilyticum DSM 16975	models/m/marinimicrobium/Marinimicrobium_agarilyticum_DSM_16975.xml.gz
GCF_000425585.1	1123356	Terrimonas ferruginea DSM 30193	models/t/terrimonas/Terrimonas_ferruginea_DSM_30193.xml.gz
GCF_000223375.1	759362	Ketogulonicigenium vulgare WSH-001	models/k/ketogulonicigenium/Ketogulonicigenium_vulgare_WSH_001.xml.gz
GCF_900148515.1	1073327	Algoriphagus zhangzhouensis	models/a/algoriphagus/Algoriphagus_zhangzhouensis_DSM_25035.xml.gz
GCF_001853345.1	653954	Sphingomonas haloaromaticamans	models/s/sphingomonas/Sphingomonas_haloaromaticamans_P3.xml.gz
GCF_000376225.1	1120973	Effusibacillus pohliae DSM 22757	models/e/effusibacillus/Effusibacillus_pohliae_DSM_22757.xml.gz
GCF_900129315.1	1194090	Aliifodinibius roseus	models/a/aliifodinibius/Aliifodinibius_roseus_DSM_21986.xml.gz
GCF_000246895.1	545243	Clostridium arbusti SL206	models/c/clostridium/Clostridium_arbusti_SL206.xml.gz
GCF_000429605.1	1121032	Azonexus hydrophilus DSM 23864	models/a/azonexus/Azonexus_hydrophilus_DSM_23864.xml.gz
GCF_001305595.1	528244	Azospirillum thiophilum	models/a/azospirillum/Azospirillum_thiophilum_BV_S.xml.gz
GCF_000242615.2	903818	Holophaga foetida DSM 6591	models/h/holophaga/Holophaga_foetida_DSM_6591.xml.gz
GCF_900167095.1	64969	Oceanospirillum multiglobuliferum	models/o/oceanospirillum/Oceanospirillum_multiglobuliferum_ATCC_33336.xml.gz
GCF_002215215.1	1192854	Granulosicoccus antarcticus IMCC3135	models/g/granulosicoccus/Granulosicoccus_antarcticus_IMCC3135.xml.gz
GCF_000247565.1	1142511	Wigglesworthia glossinidia endosymbiont of Glossina morsitans morsitans (Yale colony)	models/w/wigglesworthia/Wigglesworthia_glossinidia_endosymbiont_of_Glossina_morsitans_morsitans_Yale_colony.xml.gz
GCF_001592105.1	1285191	Desulfotomaculum intricatum	models/d/desulfotomaculum/Desulfotomaculum_intricatum_NBRC_109411.xml.gz
GCF_000312345.1	1203190	Corynebacterium timonense 5401744	models/c/corynebacterium/Corynebacterium_timonense_5401744.xml.gz
GCF_000016905.1	391009	Thermosipho melanesiensis BI429	models/t/thermosipho/Thermosipho_melanesiensis_BI429.xml.gz
GCF_000373805.1	1121366	Corynebacterium pilosum DSM 20521	models/c/corynebacterium/Corynebacterium_pilosum_DSM_20521.xml.gz
GCF_000421465.1	1283300	Methylohalobius crimeensis 10Ki	models/m/methylohalobius/Methylohalobius_crimeensis_10Ki.xml.gz
GCF_000152825.2	314260	Parvularcula bermudensis HTCC2503	models/p/parvularcula/Parvularcula_bermudensis_HTCC2503.xml.gz
GCF_000974365.1	1236989	Geofilum rubicundum JCM 15548	models/g/geofilum/Geofilum_rubicundum_JCM_15548.xml.gz
GCF_000165675.1	907931	Leuconostoc fallax KCTC 3537	models/l/leuconostoc/Leuconostoc_fallax_KCTC_3537.xml.gz
GCF_001029445.1	1195763	Photobacterium aquae	models/p/photobacterium/Photobacterium_aquae_CGMCC_1_12159.xml.gz
GCF_000422265.1	1121288	Chryseobacterium palustre DSM 21579	models/c/chryseobacterium/Chryseobacterium_palustre_DSM_21579.xml.gz
GCF_001418655.1	1923	Streptomyces phaeochromogenes	models/s/streptomyces/Streptomyces_phaeochromogenes_NRRL_B_1248.xml.gz
GCF_900105785.1	546874	Friedmanniella sagamiharensis	models/f/friedmanniella/Friedmanniella_sagamiharensis_DSM_21743.xml.gz
GCF_000210095.1	213810	Ruminococcus champanellensis 18P13 = JCM 17042	models/r/ruminococcus/Ruminococcus_champanellensis_18P13_JCM_17042_type_strain_18P13.xml.gz
GCF_000527095.1	1114263	Methylosarcina lacus LW14	models/m/methylosarcina/Methylosarcina_lacus_LW14.xml.gz
GCF_900102545.1	104663	Chitinophaga filiformis	models/c/chitinophaga/Chitinophaga_filiformis_DSM_527.xml.gz
GCF_000423445.1	1122998	Acidipropionibacterium thoenii DSM 20276	models/a/acidipropionibacterium/Acidipropionibacterium_thoenii_DSM_20276.xml.gz
GCF_000013325.1	279238	Novosphingobium aromaticivorans DSM 12444	models/n/novosphingobium/Novosphingobium_aromaticivorans_DSM_12444.xml.gz
GCF_002094855.1	1185767	Zunongwangia atlantica 22II14-10F7	models/z/zunongwangia/Zunongwangia_atlantica_22II14_10F7.xml.gz
GCF_000008765.1	272562	Clostridium acetobutylicum ATCC 824	models/c/clostridium/Clostridium_acetobutylicum_ATCC_824.xml.gz
GCF_001874525.1	117209	Desulfovibrio dechloracetivorans	models/d/desulfovibrio/Desulfovibrio_dechloracetivorans_BerOc1.xml.gz
GCF_000438455.1	1232430	Nosocomiicoccus massiliensis	models/n/nosocomiicoccus/Nosocomiicoccus_massiliensis_NP2.xml.gz
GCF_001640115.1	1333662	Polaribacter atrinae	models/p/polaribacter/Polaribacter_atrinae_KACC_17473.xml.gz
GCF_000376105.1	1121022	Asticcacaulis benevestitus DSM 16100 = ATCC BAA-896	models/a/asticcacaulis/Asticcacaulis_benevestitus_DSM_16100_ATCC_BAA_896.xml.gz
GCF_900099615.1	34095	Borreliella japonica	models/b/borreliella/Borreliella_japonica_ATCC_51557.xml.gz
GCF_001437075.1	331679	Pediococcus stilesii	models/p/pediococcus/Pediococcus_stilesii_DSM_18001.xml.gz
GCF_001941945.1	257708	Roseomonas gilardii	models/r/roseomonas/Roseomonas_gilardii_U14_5.xml.gz
GCF_000568815.1	1150621	Sulfurospirillum multivorans DSM 12446	models/s/sulfurospirillum/Sulfurospirillum_multivorans_DSM_12446.xml.gz
GCF_001447335.1	652	Aeromonas schubertii	models/a/aeromonas/Aeromonas_schubertii_WL1483.xml.gz
GCF_000317435.1	1170562	Calothrix sp. PCC 6303	models/c/calothrix/Calothrix_sp_PCC_6303.xml.gz
GCF_900105925.1	419479	Jiangella alkaliphila	models/j/jiangella/Jiangella_alkaliphila_DSM_45079.xml.gz
GCF_000158215.3	469599	Fusobacterium periodonticum 2_1_31	models/f/fusobacterium/Fusobacterium_periodonticum_2_1_31.xml.gz
GCF_900162665.1	582851	Oceanobacillus sojae	models/o/oceanobacillus/Oceanobacillus_sojae_SK_2.xml.gz
GCF_900188185.1	436663	Sphingopyxis indica	models/s/sphingopyxis/Sphingopyxis_indica_DS15.xml.gz
GCF_000821065.1	545501	Oceanobacillus oncorhynchi	models/o/oceanobacillus/Oceanobacillus_oncorhynchi_Oc5.xml.gz
GCF_900112545.1	517719	Pseudooceanicola nitratireducens	models/p/pseudooceanicola/Pseudooceanicola_nitratireducens_DSM_29619.xml.gz
GCF_000286395.1	1179226	Staphylococcus lentus F1142	models/s/staphylococcus/Staphylococcus_lentus_F1142.xml.gz
GCF_000741765.1	356829	Bifidobacterium tsurumiense	models/b/bifidobacterium/Bifidobacterium_tsurumiense_JCM_13495.xml.gz
GCF_900177295.1	560819	Tistlia consotensis USBA 355	models/t/tistlia/Tistlia_consotensis_USBA_355.xml.gz
GCF_000285555.1	1033739	Kurthia massiliensis	models/k/kurthia/Kurthia_massiliensis_JC30T.xml.gz
GCF_900112355.1	910347	Streptomyces aidingensis	models/s/streptomyces/Streptomyces_aidingensis_CGMCC_4_5739.xml.gz
GCF_900111135.1	137733	Granulicatella balaenopterae	models/g/granulicatella/Granulicatella_balaenopterae_DSM_15827.xml.gz
GCF_000427625.1	1095552	Methylobacter luteus IMV-B-3098	models/m/methylobacter/Methylobacter_luteus_IMV_B_3098.xml.gz
GCF_000185725.2	679197	Segniliparus rugosus ATCC BAA-974	models/s/segniliparus/Segniliparus_rugosus_ATCC_BAA_974.xml.gz
GCF_001742225.1	158500	Novosphingobium resinovorum	models/n/novosphingobium/Novosphingobium_resinovorum_SA1.xml.gz
GCF_001545035.1	1777143	Caballeronia glebae	models/c/caballeronia/Caballeronia_glebae.xml.gz
GCF_000328705.1	1179773	Saccharothrix espanaensis DSM 44229	models/s/saccharothrix/Saccharothrix_espanaensis_DSM_44229_type_strain_DSM_44229.xml.gz
GCF_000741575.1	1688	Bifidobacterium cuniculi	models/b/bifidobacterium/Bifidobacterium_cuniculi_LMG_10738.xml.gz
GCF_000617925.1	1236959	Methylobacillus glycogenes JCM 2850	models/m/methylobacillus/Methylobacillus_glycogenes_JCM_2850.xml.gz
GCF_000381785.1	1278309	Amphritea japonica ATCC BAA-1530	models/a/amphritea/Amphritea_japonica_ATCC_BAA_1530_JAMM_1866.xml.gz
GCF_900110835.1	29529	Chitinophaga arvensicola	models/c/chitinophaga/Chitinophaga_arvensicola_DSM_3695.xml.gz
GCF_000374165.1	222534	Frankia elaeagni	models/f/frankia/Frankia_elaeagni_BMG5_12.xml.gz
GCF_000413035.1	1125700	Treponema medium ATCC 700293	models/t/treponema/Treponema_medium_ATCC_700293.xml.gz
GCF_000015125.1	290317	Chlorobium phaeobacteroides DSM 266	models/c/chlorobium/Chlorobium_phaeobacteroides_DSM_266.xml.gz
GCF_001885905.1	319970	Enterococcus devriesei	models/e/enterococcus/Enterococcus_devriesei_DSM_22802.xml.gz
GCF_000016065.1	323850	Shewanella loihica PV-4	models/s/shewanella/Shewanella_loihica_PV_4.xml.gz
GCF_001050035.1	1566885	Mycobacterium komanii	models/m/mycobacterium/Mycobacterium_komanii_GPK_1020.xml.gz
GCF_001757355.1	1592790	Sphingobium phenoxybenzoativorans	models/s/sphingobium/Sphingobium_phenoxybenzoativorans_SC_3.xml.gz
GCF_001493375.1	498367	Streptomyces specialis	models/s/streptomyces/Streptomyces_specialis_type_strain_GW41_1564.xml.gz
GCF_900142165.1	1121950	Hespellia stercorisuis DSM 15480	models/h/hespellia/Hespellia_stercorisuis_DSM_15480.xml.gz
GCF_000428805.1	1121360	Corynebacterium freiburgense DSM 45254	models/c/corynebacterium/Corynebacterium_freiburgense_DSM_45254.xml.gz
GCF_001880325.1	56956	Thermus brockianus	models/t/thermus/Thermus_brockianus_GE_1.xml.gz
GCF_001562425.1	520764	Fervidicola ferrireducens	models/f/fervidicola/Fervidicola_ferrireducens_Y170.xml.gz
GCF_000621145.1	1121402	Desulfobulbus elongatus DSM 2908	models/d/desulfobulbus/Desulfobulbus_elongatus_DSM_2908.xml.gz
GCF_000320365.1	1230338	Moraxella macacae 0408225	models/m/moraxella/Moraxella_macacae_0408225.xml.gz
GCF_001421015.2	1616788	Paenibacillus bovis	models/p/paenibacillus/Paenibacillus_bovis_BD3526.xml.gz
GCF_001895085.1	1921010	Mariprofundus micogutta	models/m/mariprofundus/Mariprofundus_micogutta_ET2.xml.gz
GCF_900115815.1	93684	Roseivivax halotolerans	models/r/roseivivax/Roseivivax_halotolerans_JCM_10271.xml.gz
GCF_000812875.1	510955	Chryseobacterium solincola	models/c/chryseobacterium/Chryseobacterium_solincola_DSM_22468.xml.gz
GCF_000300815.1	1046714	Gayadomonas joobiniege G7	models/g/gayadomonas/Gayadomonas_joobiniege_G7.xml.gz
GCF_000062885.1	405948	Saccharopolyspora erythraea NRRL 2338	models/s/saccharopolyspora/Saccharopolyspora_erythraea_NRRL_2338.xml.gz
GCF_000017585.1	360107	Campylobacter hominis ATCC BAA-381	models/c/campylobacter/Campylobacter_hominis_ATCC_BAA_381.xml.gz
GCF_000832015.1	679259	Gilvimarinus agarilyticus	models/g/gilvimarinus/Gilvimarinus_agarilyticus_JEA5.xml.gz
GCF_000231275.1	742725	Alistipes indistinctus YIT 12060	models/a/alistipes/Alistipes_indistinctus_YIT_12060.xml.gz
GCF_000309385.1	118166	Nodosilinea nodulosa PCC 7104	models/n/nodosilinea/Nodosilinea_nodulosa_PCC_7104.xml.gz
GCF_001449115.1	1577687	Terracidiphilus gabretensis	models/t/terracidiphilus/Terracidiphilus_gabretensis_S55.xml.gz
GCF_000701705.1	1408428	Bilophila wadsworthia ATCC 49260	models/b/bilophila/Bilophila_wadsworthia_ATCC_49260.xml.gz
GCF_002104475.1	1888913	Colwellia mytili	models/c/colwellia/Colwellia_mytili_KCTC_52417.xml.gz
GCF_000013885.1	323097	Nitrobacter hamburgensis X14	models/n/nitrobacter/Nitrobacter_hamburgensis_X14.xml.gz
GCF_000515395.1	987045	Jiangella gansuensis DSM 44835	models/j/jiangella/Jiangella_gansuensis_DSM_44835.xml.gz
GCF_000173975.1	411469	[Eubacterium] hallii DSM 3353	models/e/eubacterium/Eubacterium_hallii_DSM_3353.xml.gz
GCF_000160095.1	566550	Hungatella hathewayi DSM 13479	models/h/hungatella/Hungatella_hathewayi_DSM_13479.xml.gz
GCF_900100155.1	177413	Ancylobacter rudongensis	models/a/ancylobacter/Ancylobacter_rudongensis_CGMCC_1_1761.xml.gz
GCF_001431195.1	480284	Virgibacillus soli	models/v/virgibacillus/Virgibacillus_soli_PL205.xml.gz
GCF_001571305.1	1219360	Erwinia persicina NBRC 102418	models/e/erwinia/Erwinia_persicina_NBRC_102418.xml.gz
GCF_001553195.1	1117644	Mycoplasma canis PG 14	models/m/mycoplasma/Mycoplasma_canis_PG_14.xml.gz
GCF_000428785.1	1121351	Conchiformibius kuhniae DSM 17694	models/c/conchiformibius/Conchiformibius_kuhniae_DSM_17694.xml.gz
GCF_002162375.1	141451	Oleiphilus messinensis	models/o/oleiphilus/Oleiphilus_messinensis_ME102.xml.gz
GCF_002108605.1	326522	Neisseria animaloris	models/n/neisseria/Neisseria_animaloris_DSM_21642.xml.gz
GCF_000517545.1	1445607	Bacteroides reticulotermitis JCM 10512	models/b/bacteroides/Bacteroides_reticulotermitis_JCM_10512.xml.gz
GCF_900104135.1	419597	Halomonas shengliensis	models/h/halomonas/Halomonas_shengliensis_CGMCC_1_6444.xml.gz
GCF_000317475.1	179408	Oscillatoria nigro-viridis PCC 7112	models/o/oscillatoria/Oscillatoria_nigro_viridis_PCC_7112.xml.gz
GCF_001618885.1	70255	Staphylococcus condimenti	models/s/staphylococcus/Staphylococcus_condimenti_DSM_11674.xml.gz
GCF_001467585.1	1212489	Legionella drozanskii LLAP-1	models/l/legionella/Legionella_drozanskii_LLAP_1_ATCC_700990.xml.gz
GCF_000152145.1	765420	Oscillochloris trichoides DG-6	models/o/oscillochloris/Oscillochloris_trichoides_DG_6.xml.gz
GCF_001010285.1	230089	Photorhabdus temperata subsp. thracensis	models/p/photorhabdus/Photorhabdus_temperata_subsp_thracensis_DSM_15199.xml.gz
GCF_000186265.1	688270	Cellulophaga algicola DSM 14237	models/c/cellulophaga/Cellulophaga_algicola_DSM_14237.xml.gz
GCF_900129055.1	1122156	Lampropedia hyalina DSM 16112	models/l/lampropedia/Lampropedia_hyalina_DSM_16112.xml.gz
GCF_001650715.1	1285242	Magnetospirillum marisnigri	models/m/magnetospirillum/Magnetospirillum_marisnigri_SP_1.xml.gz
GCF_001466665.1	1217799	Dehalogenimonas alkenigignens	models/d/dehalogenimonas/Dehalogenimonas_alkenigignens_IP3_3.xml.gz
GCF_900167255.1	92487	Thiothrix eikelboomii	models/t/thiothrix/Thiothrix_eikelboomii_ATCC_49788.xml.gz
GCF_000379945.1	1122974	Porphyromonas macacae DSM 20710 = JCM 13914	models/p/porphyromonas/Porphyromonas_macacae_DSM_20710_JCM_13914.xml.gz
GCF_000026745.1	568814	Streptococcus suis BM407	models/s/streptococcus/Streptococcus_suis_BM407.xml.gz
GCF_000686545.1	1408449	Mesoplasma syrphidae ATCC 51578	models/m/mesoplasma/Mesoplasma_syrphidae_ATCC_51578.xml.gz
GCF_000311785.1	1118054	Brevibacillus massiliensis	models/b/brevibacillus/Brevibacillus_massiliensis.xml.gz
GCF_000025205.1	553190	Gardnerella vaginalis 409-05	models/g/gardnerella/Gardnerella_vaginalis_409_05.xml.gz
GCF_900111265.1	1121357	Corynebacterium cystitidis DSM 20524	models/c/corynebacterium/Corynebacterium_cystitidis_DSM_20524.xml.gz
GCF_001592935.1	296218	Roseivirga echinicomitans	models/r/roseivirga/Roseivirga_echinicomitans_KMM_6058.xml.gz
GCF_000423005.1	1121912	Gelidibacter mesophilus DSM 14095	models/g/gelidibacter/Gelidibacter_mesophilus_DSM_14095.xml.gz
GCF_900107105.1	1137993	Geodermatophilus africanus	models/g/geodermatophilus/Geodermatophilus_africanus_DSM_45422.xml.gz
GCF_001660705.2	1849719	Labilibacter aurantiacus	models/l/labilibacter/Labilibacter_aurantiacus_HQYD1.xml.gz
GCF_002120225.1	1635173	Tenacibaculum holothuriorum	models/t/tenacibaculum/Tenacibaculum_holothuriorum_S2_2.xml.gz
GCF_000746645.1	470	Acinetobacter baumannii	models/a/acinetobacter/Acinetobacter_baumannii_AB030.xml.gz
GCF_001418575.1	66896	Streptomyces griseoplanus	models/s/streptomyces/Streptomyces_griseoplanus_NRRL_B_3064.xml.gz
GCF_900142035.1	415425	Flavobacterium terrae	models/f/flavobacterium/Flavobacterium_terrae_DSM_18829.xml.gz
GCF_000429545.1	1121011	Arenibacter certesii DSM 19833	models/a/arenibacter/Arenibacter_certesii_DSM_19833.xml.gz
GCF_001729525.1	1703	Brevibacterium linens	models/b/brevibacterium/Brevibacterium_linens_SMQ_1335.xml.gz
GCF_000422525.1	1121434	Halodesulfovibrio aestuarii DSM 10141	models/h/halodesulfovibrio/Halodesulfovibrio_aestuarii_DSM_10141.xml.gz
GCF_000518205.1	1408438	Facklamia sourekii ATCC 700629	models/f/facklamia/Facklamia_sourekii_ATCC_700629.xml.gz
GCF_001310775.1	1236960	Stenotrophomonas pictorum JCM 9942	models/s/stenotrophomonas/Stenotrophomonas_pictorum_JCM_9942.xml.gz
GCF_001550055.1	637679	Kordiimonas lacus	models/k/kordiimonas/Kordiimonas_lacus_S3_22.xml.gz
GCF_000966355.1	480418	Mycobacterium lepromatosis	models/m/mycobacterium/Mycobacterium_lepromatosis_Mx1_22A.xml.gz
GCF_000341895.1	1322246	Pseudodesulfovibrio piezophilus C1TLV30	models/p/pseudodesulfovibrio/Pseudodesulfovibrio_piezophilus_C1TLV30_type_strain_C1TLV30.xml.gz
GCF_001263395.1	1437605	Bifidobacterium actinocoloniiforme DSM 22766	models/b/bifidobacterium/Bifidobacterium_actinocoloniiforme_DSM_22766.xml.gz
GCF_001721645.1	430522	Pedobacter steynii	models/p/pedobacter/Pedobacter_steynii_DX4.xml.gz
GCF_000518765.1	1336236	Ruminococcus flavefaciens ATCC 19208	models/r/ruminococcus/Ruminococcus_flavefaciens_ATCC_19208.xml.gz
GCF_001437055.1	396268	Lactobacillus secaliphilus	models/l/lactobacillus/Lactobacillus_secaliphilus_DSM_17896.xml.gz
GCF_000285835.1	1033736	Brevibacterium senegalense	models/b/brevibacterium/Brevibacterium_senegalense.xml.gz
GCF_900103835.1	258515	Acetanaerobacterium elongatum	models/a/acetanaerobacterium/Acetanaerobacterium_elongatum_CGMCC_1_5012.xml.gz
GCF_001663175.1	1112	Porphyrobacter neustonensis	models/p/porphyrobacter/Porphyrobacter_neustonensis_DSM_9434.xml.gz
GCF_000565215.1	1276257	Spiroplasma sabaudiense Ar-1343	models/s/spiroplasma/Spiroplasma_sabaudiense_Ar_1343.xml.gz
GCF_000160575.1	585506	Weissella paramesenteroides ATCC 33313	models/w/weissella/Weissella_paramesenteroides_ATCC_33313.xml.gz
GCF_000317575.1	111780	Stanieria cyanosphaera PCC 7437	models/s/stanieria/Stanieria_cyanosphaera_PCC_7437.xml.gz
GCF_900163755.1	360316	Crenothrix polyspora	models/c/crenothrix/Crenothrix_polyspora.xml.gz
GCF_001940525.2	1915078	Thioclava nitratireducens	models/t/thioclava/Thioclava_nitratireducens_25B10_4.xml.gz
GCF_000770305.1	796334	Erwinia oleae	models/e/erwinia/Erwinia_oleae_DAPP_PG531.xml.gz
GCF_900115735.1	43305	Butyrivibrio proteoclasticus	models/b/butyrivibrio/Butyrivibrio_proteoclasticus_P18.xml.gz
GCF_900100975.1	492660	Methylophilus rhizosphaerae	models/m/methylophilus/Methylophilus_rhizosphaerae_CBMB127.xml.gz
GCF_001314945.1	148814	Lactobacillus kunkeei	models/l/lactobacillus/Lactobacillus_kunkeei_MP2.xml.gz
GCF_900172285.1	475083	Roseovarius aestuarii	models/r/roseovarius/Roseovarius_aestuarii_CECT_7745.xml.gz
GCF_001983995.1	930805	Halioglobus japonicus	models/h/halioglobus/Halioglobus_japonicus_NBRC_107739.xml.gz
GCF_000429345.1	1121468	Desulfovirgula thermocuniculi DSM 16036	models/d/desulfovirgula/Desulfovirgula_thermocuniculi_DSM_16036.xml.gz
GCF_000016345.1	312153	Polynucleobacter asymbioticus QLW-P1DMWA-1	models/p/polynucleobacter/Polynucleobacter_asymbioticus_QLW_P1DMWA_1.xml.gz
GCF_000332155.1	402777	Kamptonema formosum PCC 6407	models/k/kamptonema/Kamptonema_formosum_PCC_6407.xml.gz
GCF_001404895.1	1267	Clostridium ventriculi	models/c/clostridium/Clostridium_ventriculi_2789STDY5834858.xml.gz
GCF_000400735.1	1120927	Acinetobacter tandoii DSM 14970 = CIP 107469	models/a/acinetobacter/Acinetobacter_tandoii_DSM_14970_CIP_107469.xml.gz
GCF_900104475.1	405564	Actinopolyspora xinjiangensis	models/a/actinopolyspora/Actinopolyspora_xinjiangensis_DSM_46732.xml.gz
GCF_900156765.1	477680	Filimonas lacunae	models/f/filimonas/Filimonas_lacunae_DSM_21054.xml.gz
GCF_002086415.1	459858	Mycobacterium noviomagense	models/m/mycobacterium/Mycobacterium_noviomagense_DSM_45145.xml.gz
GCF_001556105.1	128785	Pseudoxanthomonas mexicana	models/p/pseudoxanthomonas/Pseudoxanthomonas_mexicana_CCH9_G4.xml.gz
GCF_000021485.1	243159	Acidithiobacillus ferrooxidans ATCC 23270	models/a/acidithiobacillus/Acidithiobacillus_ferrooxidans_ATCC_23270.xml.gz
GCF_002007745.1	758802	Mycobacterium litorale	models/m/mycobacterium/Mycobacterium_litorale_F4.xml.gz
GCF_002161865.1	46240	Paenibacillus apiarius	models/p/paenibacillus/Paenibacillus_apiarius_NRRL_B_23460.xml.gz
GCF_002173495.1	1452	Bacillus atrophaeus	models/b/bacillus/Bacillus_atrophaeus_SRCM101359.xml.gz
GCF_900103785.1	1137991	Geodermatophilus siccatus	models/g/geodermatophilus/Geodermatophilus_siccatus_DSM_45419.xml.gz
GCF_000427405.1	929703	Flectobacillus major DSM 103	models/f/flectobacillus/Flectobacillus_major_DSM_103.xml.gz
GCF_900099965.1	633440	Nonomuraea jiangxiensis	models/n/nonomuraea/Nonomuraea_jiangxiensis_CGMCC_4_6533.xml.gz
GCF_900116365.1	376730	Zhouia amylolytica	models/z/zhouia/Zhouia_amylolytica_CGMCC_1_6114.xml.gz
GCF_001831495.1	1763536	Thalassotalea crassostreae	models/t/thalassotalea/Thalassotalea_crassostreae_LPB0090.xml.gz
GCF_000967305.2	511	Alcaligenes faecalis	models/a/alcaligenes/Alcaligenes_faecalis_ZD02.xml.gz
GCF_001553935.1	544580	Actinomyces oris	models/a/actinomyces/Actinomyces_oris_T14V.xml.gz
GCF_000026405.1	349519	Leuconostoc citreum KM20	models/l/leuconostoc/Leuconostoc_citreum_KM20.xml.gz
GCF_001053185.1	1236609	Mycobacterium bohemicum DSM 44277	models/m/mycobacterium/Mycobacterium_bohemicum_DSM_44277.xml.gz
GCF_000828655.1	1408159	Thermotoga caldifontis AZM44c09	models/t/thermotoga/Thermotoga_caldifontis_AZM44c09.xml.gz
GCF_000332235.1	113355	Geminocystis herdmanii PCC 6308	models/g/geminocystis/Geminocystis_herdmanii_PCC_6308.xml.gz
GCF_000010285.1	378753	Kocuria rhizophila DC2201	models/k/kocuria/Kocuria_rhizophila_DC2201_DC2201_NBRC_103217.xml.gz
GCF_000815065.1	743971	Mycoplasma flocculare ATCC 27399	models/m/mycoplasma/Mycoplasma_flocculare_ATCC_27399_Ms42.xml.gz
GCF_000975035.1	1095025	Demequina flava	models/d/demequina/Demequina_flava_NBRC_105854.xml.gz
GCF_002208805.1	170573	Staphylococcus pettenkoferi	models/s/staphylococcus/Staphylococcus_pettenkoferi_FDAARGOS_288.xml.gz
GCF_001028025.1	290055	Faecalicatena fissicatena	models/f/faecalicatena/Faecalicatena_fissicatena_KCTC_15010.xml.gz
GCF_000380005.1	1123301	Streptococcus didelphis DSM 15616	models/s/streptococcus/Streptococcus_didelphis_DSM_15616.xml.gz
GCF_001435835.1	1423735	Lactobacillus concavus DSM 17758	models/l/lactobacillus/Lactobacillus_concavus_DSM_17758.xml.gz
GCF_000172975.1	469381	Dethiosulfovibrio peptidovorans DSM 11002	models/d/dethiosulfovibrio/Dethiosulfovibrio_peptidovorans_DSM_11002.xml.gz
GCF_000420605.1	1121364	Corynebacterium massiliense DSM 45435	models/c/corynebacterium/Corynebacterium_massiliense_DSM_45435.xml.gz
GCF_001904775.1	549789	Phormidium tenue NIES-30	models/p/phormidium/Phormidium_tenue_NIES_30.xml.gz
GCF_900107235.1	321339	Citreimonas salinaria	models/c/citreimonas/Citreimonas_salinaria_DSM_26880.xml.gz
GCF_000070465.1	360910	Bordetella avium 197N	models/b/bordetella/Bordetella_avium_197N.xml.gz
GCF_000688395.1	1121020	Haematomicrobium sanguinis DSM 21259	models/h/haematomicrobium/Haematomicrobium_sanguinis_DSM_21259.xml.gz
GCF_000772535.1	505317	Chelonobacter oris	models/c/chelonobacter/Chelonobacter_oris_1662.xml.gz
GCF_900105165.1	652787	Mucilaginibacter mallensis	models/m/mucilaginibacter/Mucilaginibacter_mallensis_MP1X4.xml.gz
GCF_001517405.1	1619313	Erwinia gerundensis	models/e/erwinia/Erwinia_gerundensis.xml.gz
GCF_000278295.1	1094560	Bartonella taylorii 8TBB	models/b/bartonella/Bartonella_taylorii_8TBB.xml.gz
GCF_001975665.1	996801	Polaribacter reichenbachii	models/p/polaribacter/Polaribacter_reichenbachii_6Alg_8T.xml.gz
GCF_000807675.2	1736	Eubacterium limosum	models/e/eubacterium/Eubacterium_limosum_ATCC_8486.xml.gz
GCF_000241305.1	1077974	Gordonia effusa NBRC 100432	models/g/gordonia/Gordonia_effusa_NBRC_100432.xml.gz
GCF_001544455.2	196367	Caballeronia sordidicola	models/c/caballeronia/Caballeronia_sordidicola.xml.gz
GCF_900167165.1	1121270	Carboxydocella sporoproducens DSM 16521	models/c/carboxydocella/Carboxydocella_sporoproducens_DSM_16521.xml.gz
GCF_900115125.1	35799	Nitrosospira briensis	models/n/nitrosospira/Nitrosospira_briensis_Nsp8.xml.gz
GCF_900111405.1	237682	Salinibacillus kushneri	models/s/salinibacillus/Salinibacillus_kushneri_CGMCC_1_3566.xml.gz
GCF_000715845.1	371720	Streptomyces monomycini	models/s/streptomyces/Streptomyces_monomycini_NRRL_B_24309.xml.gz
GCF_900103775.1	211114	Allokutzneria albata	models/a/allokutzneria/Allokutzneria_albata_DSM_44149.xml.gz
GCF_001571085.1	1314749	Azohydromonas lata NBRC 102462	models/a/azohydromonas/Azohydromonas_lata_NBRC_102462.xml.gz
GCF_900114265.1	369401	Flaviramulus basaltis	models/f/flaviramulus/Flaviramulus_basaltis_DSM_18180.xml.gz
GCF_001311035.1	1291051	[Clostridium] glycyrrhizinilyticum JCM 13369	models/c/clostridium/Clostridium_glycyrrhizinilyticum_JCM_13369.xml.gz
GCF_000820705.1	1325933	Clostridium polynesiense	models/c/clostridium/Clostridium_polynesiense_MS1.xml.gz
GCF_900098745.1	1892869	Actinomyces glycerinitolerans	models/a/actinomyces/Actinomyces_glycerinitolerans.xml.gz
GCF_001721185.1	351679	Xenorhabdus hominickii	models/x/xenorhabdus/Xenorhabdus_hominickii_ANU1.xml.gz
GCF_000025265.1	469383	Conexibacter woesei DSM 14684	models/c/conexibacter/Conexibacter_woesei_DSM_14684.xml.gz
GCF_000335475.2	1242864	Cystobacter fuscus DSM 2262	models/c/cystobacter/Cystobacter_fuscus_DSM_2262.xml.gz
GCF_900109255.1	1416801	Cyclobacterium halophilum	models/c/cyclobacterium/Cyclobacterium_halophilum_IBRC_M_10761.xml.gz
GCF_001042715.1	84022	Clostridium aceticum	models/c/clostridium/Clostridium_aceticum_DSM_1496.xml.gz
GCF_001262715.1	216946	Spiroplasma turonicum	models/s/spiroplasma/Spiroplasma_turonicum_Tab4c.xml.gz
GCF_000092905.1	562970	Kyrpidia tusciae DSM 2912	models/k/kyrpidia/Kyrpidia_tusciae_DSM_2912.xml.gz
GCF_000719975.1	43354	Prauserella rugosa	models/p/prauserella/Prauserella_rugosa_NRRL_B_2295.xml.gz
GCF_000425145.1	540906	Pedobacter glucosidilyticus DSM 23534	models/p/pedobacter/Pedobacter_glucosidilyticus_DSM_23534.xml.gz
GCF_000741785.1	762211	Bifidobacterium stellenboschense	models/b/bifidobacterium/Bifidobacterium_stellenboschense_DSM_23968.xml.gz
GCF_900100515.1	310769	Fervidobacterium changbaicum	models/f/fervidobacterium/Fervidobacterium_changbaicum_DSM_17883.xml.gz
GCF_000236405.1	1075399	Blattabacterium sp. (Cryptocercus punctulatus) str. Cpu	models/b/blattabacterium/Blattabacterium_sp_Cryptocercus_punctulatus_str_Cpu.xml.gz
GCF_000183545.2	867903	Thermaerobacter subterraneus DSM 13965	models/t/thermaerobacter/Thermaerobacter_subterraneus_DSM_13965.xml.gz
GCF_000227355.1	1048830	Mycoplasma iowae 695	models/m/mycoplasma/Mycoplasma_iowae_695.xml.gz
GCF_000741165.1	1437608	Bifidobacterium biavatii DSM 23969	models/b/bifidobacterium/Bifidobacterium_biavatii_DSM_23969.xml.gz
GCF_900105045.1	629680	Brevibacterium sandarakinum	models/b/brevibacterium/Brevibacterium_sandarakinum_DSM_22082.xml.gz
GCF_000378745.1	1122979	Prevotella amnii DSM 23384 = JCM 14753	models/p/prevotella/Prevotella_amnii_DSM_23384_JCM_14753.xml.gz
GCF_900095865.1	1870991	Massilioclostridium coli	models/m/massilioclostridium/Massilioclostridium_coli_Marseille_P2976.xml.gz
GCF_000258495.1	1149865	Pedobacter agri PB92	models/p/pedobacter/Pedobacter_agri_PB92.xml.gz
GCF_900100085.1	555512	Citreicella marina	models/c/citreicella/Citreicella_marina_DSM_26424.xml.gz
GCF_900172355.1	254357	Roseisalinus antarcticus	models/r/roseisalinus/Roseisalinus_antarcticus_CECT_7023.xml.gz
GCF_900102915.1	390640	Salinimicrobium catena	models/s/salinimicrobium/Salinimicrobium_catena_CGMCC_1_6101.xml.gz
GCF_002222615.2	47678	Bacteroides caccae	models/b/bacteroides/Bacteroides_caccae_ATCC_43185.xml.gz
GCF_000252855.1	693978	Riemerella anatipestifer ATCC 11845 = DSM 15868	models/r/riemerella/Riemerella_anatipestifer_ATCC_11845_DSM_15868.xml.gz
GCF_001530125.1	36861	Thiobacillus denitrificans	models/t/thiobacillus/Thiobacillus_denitrificans_RG.xml.gz
GCF_000297775.1	742823	Sutterella wadsworthensis 2_1_59BFAA	models/s/sutterella/Sutterella_wadsworthensis_2_1_59BFAA.xml.gz
GCF_000620485.1	1380365	Dyella japonica UNC79MFTsu3.2	models/d/dyella/Dyella_japonica_UNC79MFTsu3_2.xml.gz
GCF_000333015.1	1121927	Gordonia hirsuta DSM 44140 = NBRC 16056	models/g/gordonia/Gordonia_hirsuta_DSM_44140_NBRC_16056.xml.gz
GCF_001579945.1	465721	Steroidobacter denitrificans	models/s/steroidobacter/Steroidobacter_denitrificans_DSM_18526.xml.gz
GCF_000010425.1	367928	Bifidobacterium adolescentis ATCC 15703	models/b/bifidobacterium/Bifidobacterium_adolescentis_ATCC_15703.xml.gz
GCF_001679005.1	478	Moraxella nonliquefaciens	models/m/moraxella/Moraxella_nonliquefaciens_CCUG_348.xml.gz
GCF_000711225.1	1122946	Pelobacter seleniigenes DSM 18267	models/p/pelobacter/Pelobacter_seleniigenes_DSM_18267.xml.gz
GCF_000877395.1	935700	Jannaschia aquimarina	models/j/jannaschia/Jannaschia_aquimarina_GSW_M26.xml.gz
GCF_000975135.1	676200	Demequina aurantiaca	models/d/demequina/Demequina_aurantiaca_NBRC_106265.xml.gz
GCF_900155625.1	1917889	Virgibacillus dakarensis	models/v/virgibacillus/Virgibacillus_dakarensis_Marseille_P3469.xml.gz
GCF_001292705.1	1513270	Marinagarivorans algicola	models/m/marinagarivorans/Marinagarivorans_algicola_Z1.xml.gz
GCF_001590785.1	519424	Bacillus trypoxylicola	models/b/bacillus/Bacillus_trypoxylicola_KCTC_13244.xml.gz
GCF_900169565.1	1325564	Nitrospira japonica	models/n/nitrospira/Nitrospira_japonica.xml.gz
GCF_000425065.1	1120937	Actinomadura rifamycini DSM 43936	models/a/actinomadura/Actinomadura_rifamycini_DSM_43936.xml.gz
GCF_000454045.1	1136179	Rhodococcus erythropolis CCM2595	models/r/rhodococcus/Rhodococcus_erythropolis_CCM2595.xml.gz
GCF_900109875.1	365346	Paenisporosarcina quisquiliarum	models/p/paenisporosarcina/Paenisporosarcina_quisquiliarum_SK_55.xml.gz
GCF_000590475.1	316	Pseudomonas stutzeri	models/p/pseudomonas/Pseudomonas_stutzeri_28a24.xml.gz
GCF_001592345.1	1219038	Sphingomonas adhaesiva NBRC 15099	models/s/sphingomonas/Sphingomonas_adhaesiva_NBRC_15099.xml.gz
GCF_000182745.2	634177	Komagataeibacter medellinensis NBRC 3288	models/k/komagataeibacter/Komagataeibacter_medellinensis_NBRC_3288.xml.gz
GCF_900176045.1	1069081	Nitratiruptor tergarcus DSM 16512	models/n/nitratiruptor/Nitratiruptor_tergarcus_DSM_16512.xml.gz
GCF_001483765.1	317018	Nesterenkonia jeotgali	models/n/nesterenkonia/Nesterenkonia_jeotgali_CD08_7.xml.gz
GCF_000157355.2	565655	Enterococcus casseliflavus EC20	models/e/enterococcus/Enterococcus_casseliflavus_EC20.xml.gz
GCF_000227765.1	1030841	Neisseria wadsworthii 9715	models/n/neisseria/Neisseria_wadsworthii_9715.xml.gz
GCF_001722515.1	665550	Dietzia alimentaria	models/d/dietzia/Dietzia_alimentaria_BP_27_1.xml.gz
GCF_002153375.1	937927	Oceanobacillus rekensis	models/o/oceanobacillus/Oceanobacillus_rekensis_PT_11.xml.gz
GCF_000525975.1	1265846	Listeria rocourtiae FSL F6-920	models/l/listeria/Listeria_rocourtiae_FSL_F6_920.xml.gz
GCF_900115005.1	260086	Pseudonocardia ammonioxydans	models/p/pseudonocardia/Pseudonocardia_ammonioxydans_CGMCC_4_1877.xml.gz
GCF_000286075.1	699248	Streptococcus ratti FA-1 = DSM 20564	models/s/streptococcus/Streptococcus_ratti_FA_1_DSM_20564.xml.gz
GCF_000327395.1	1179777	Mycoplasma feriruminatoris	models/m/mycoplasma/Mycoplasma_feriruminatoris_G5847.xml.gz
GCF_900114325.1	582702	Rhodanobacter glycinis	models/r/rhodanobacter/Rhodanobacter_glycinis_MO64.xml.gz
GCF_900113015.1	35752	Actinoplanes philippinensis	models/a/actinoplanes/Actinoplanes_philippinensis_DSM_43019.xml.gz
GCF_001989575.1	1849491	Auricoccus indicus	models/a/auricoccus/Auricoccus_indicus_S31.xml.gz
GCF_900102505.1	336292	Paracoccus tibetensis	models/p/paracoccus/Paracoccus_tibetensis_CGMCC_1_8925.xml.gz
GCF_000025885.1	572547	Aminobacterium colombiense DSM 12261	models/a/aminobacterium/Aminobacterium_colombiense_DSM_12261.xml.gz
GCF_000147835.2	690566	Sphingobium chlorophenolicum L-1	models/s/sphingobium/Sphingobium_chlorophenolicum_L_1.xml.gz
GCF_000159995.1	626522	Alloprevotella tannerae ATCC 51259	models/a/alloprevotella/Alloprevotella_tannerae_ATCC_51259.xml.gz
GCF_000018605.1	403833	Petrotoga mobilis SJ95	models/p/petrotoga/Petrotoga_mobilis_SJ95.xml.gz
GCF_000495505.1	1244528	Campylobacter fetus subsp. testudinum 03-427	models/c/campylobacter/Campylobacter_fetus_subsp_testudinum_03_427.xml.gz
GCF_000686705.1	1121319	Clostridium hydrogeniformans DSM 21757	models/c/clostridium/Clostridium_hydrogeniformans_DSM_21757.xml.gz
GCF_000341145.1	1246474	Nocardiopsis xinjiangensis YIM 90004	models/n/nocardiopsis/Nocardiopsis_xinjiangensis_YIM_90004.xml.gz
GCF_900163715.1	946573	Brevibacterium yomogidense	models/b/brevibacterium/Brevibacterium_yomogidense_B_Co_03_10.xml.gz
GCF_001418495.1	1650571	Streptomyces pathocidini	models/s/streptomyces/Streptomyces_pathocidini_NRRL_B_24287.xml.gz
GCF_900142605.1	1419482	Chitinophaga jiangningensis	models/c/chitinophaga/Chitinophaga_jiangningensis_DSM_27406.xml.gz
GCF_000203895.1	318586	Paracoccus denitrificans PD1222	models/p/paracoccus/Paracoccus_denitrificans_PD1222.xml.gz
GCF_000219725.1	744872	Treponema caldarium DSM 7334	models/t/treponema/Treponema_caldarium_DSM_7334.xml.gz
GCF_000739795.1	1218081	Paraburkholderia kururiensis subsp. thiooxydans NBRC 107107	models/p/paraburkholderia/Paraburkholderia_kururiensis_subsp_thiooxydans_NBRC_107107.xml.gz
GCF_000766945.1	1209072	Cellvibrio mixtus subsp. mixtus J3-8	models/c/cellvibrio/Cellvibrio_mixtus_subsp_mixtus_J3_8.xml.gz
GCF_000092385.1	749414	Streptomyces bingchenggensis BCW-1	models/s/streptomyces/Streptomyces_bingchenggensis_BCW_1.xml.gz
GCF_900114795.1	52442	Nitrosomonas nitrosa	models/n/nitrosomonas/Nitrosomonas_nitrosa_Nm146.xml.gz
GCF_900176425.1	1434700	Moheibacter sediminis	models/m/moheibacter/Moheibacter_sediminis_CGMCC_1_12708.xml.gz
GCF_000380085.1	1123308	Streptococcus merionis DSM 19192	models/s/streptococcus/Streptococcus_merionis_DSM_19192.xml.gz
GCF_900156105.1	159291	Alkalispirochaeta americana	models/a/alkalispirochaeta/Alkalispirochaeta_americana_ASpG1.xml.gz
GCF_900107045.1	589385	Amycolatopsis xylanica	models/a/amycolatopsis/Amycolatopsis_xylanica_CPCC_202699.xml.gz
GCF_001311375.1	1423742	Lactobacillus equigenerosi DSM 18793 = JCM 14505	models/l/lactobacillus/Lactobacillus_equigenerosi_DSM_18793_JCM_14505.xml.gz
GCF_000421225.1	1123065	Ruania albidiflava DSM 18029	models/r/ruania/Ruania_albidiflava_DSM_18029.xml.gz
GCF_900148495.1	1871035	Negativibacillus massiliensis	models/n/negativibacillus/Negativibacillus_massiliensis_Marseille_P3213.xml.gz
GCF_000423425.1	604331	Meiothermus rufus DSM 22234	models/m/meiothermus/Meiothermus_rufus_DSM_22234.xml.gz
GCF_001941445.1	1431546	Corynebacterium aquilae DSM 44791	models/c/corynebacterium/Corynebacterium_aquilae_DSM_44791_S_613.xml.gz
GCF_000420545.1	1121015	Arenimonas oryziterrae DSM 21050 = YC6267	models/a/arenimonas/Arenimonas_oryziterrae_DSM_21050_YC6267.xml.gz
GCF_001613045.1	1210083	Nocardia lijiangensis NBRC 108240	models/n/nocardia/Nocardia_lijiangensis_NBRC_108240.xml.gz
GCF_000092585.1	710127	Mycoplasma gallisepticum str. R(low)	models/m/mycoplasma/Mycoplasma_gallisepticum_str_R_low.xml.gz
GCF_001584765.1	1784	Mycobacterium simiae	models/m/mycobacterium/Mycobacterium_simiae_MO323.xml.gz
GCF_000420025.1	1122939	Patulibacter americanus DSM 16676	models/p/patulibacter/Patulibacter_americanus_DSM_16676.xml.gz
GCF_900142065.1	232089	Agromyces cerinus subsp. cerinus	models/a/agromyces/Agromyces_cerinus_subsp_cerinus_DSM_8595.xml.gz
GCF_000284155.1	1105110	Rickettsia australis str. Cutlack	models/r/rickettsia/Rickettsia_australis_str_Cutlack.xml.gz
GCF_000341165.1	1235441	Nocardiopsis gilva YIM 90087	models/n/nocardiopsis/Nocardiopsis_gilva_YIM_90087.xml.gz
GCF_000024105.1	525919	Anaerococcus prevotii DSM 20548	models/a/anaerococcus/Anaerococcus_prevotii_DSM_20548.xml.gz
GCF_000382125.1	1121875	Eudoraea adriatica DSM 19308	models/e/eudoraea/Eudoraea_adriatica_DSM_19308.xml.gz
GCF_000513215.1	273526	Serratia marcescens subsp. marcescens Db11	models/s/serratia/Serratia_marcescens_subsp_marcescens_Db11.xml.gz
GCF_001442615.1	1750590	Algoriphagus resistens	models/a/algoriphagus/Algoriphagus_resistens_NH1.xml.gz
GCF_000724775.3	28031	Lysinibacillus fusiformis	models/l/lysinibacillus/Lysinibacillus_fusiformis_RB_21.xml.gz
GCF_000429945.1	1121403	Desulfobulbus japonicus DSM 18378	models/d/desulfobulbus/Desulfobulbus_japonicus_DSM_18378.xml.gz
GCF_001438695.1	930946	Fructobacillus fructosus KCTC 3544	models/f/fructobacillus/Fructobacillus_fructosus_KCTC_3544_DSM_20349.xml.gz
GCF_900155735.1	1871029	Intestinibacillus massiliensis	models/i/intestinibacillus/Intestinibacillus_massiliensis_type_strain_Marseille_P3216.xml.gz
GCF_000008485.1	272624	Legionella pneumophila subsp. pneumophila str. Philadelphia 1	models/l/legionella/Legionella_pneumophila_subsp_pneumophila_str_Philadelphia_1.xml.gz
GCF_000468615.2	1348584	Cellulophaga baltica 18	models/c/cellulophaga/Cellulophaga_baltica_18.xml.gz
GCF_900188105.1	134959	Actinomadura mexicana	models/a/actinomadura/Actinomadura_mexicana_DSM_44485.xml.gz
GCF_900128485.1	1852381	Duodenibacillus massiliensis	models/d/duodenibacillus/Duodenibacillus_massiliensis_Marseille_P2968.xml.gz
GCF_000488255.1	1341679	Acinetobacter indicus CIP 110367	models/a/acinetobacter/Acinetobacter_indicus_CIP_110367.xml.gz
GCF_000382325.1	1123503	Woodsholea maritima DSM 17123	models/w/woodsholea/Woodsholea_maritima_DSM_17123.xml.gz
GCF_000168715.1	377431	Chlorobium ferrooxidans DSM 13031	models/c/chlorobium/Chlorobium_ferrooxidans_DSM_13031.xml.gz
GCF_000260985.4	754476	Methylophaga nitratireducenticrescens	models/m/methylophaga/Methylophaga_nitratireducenticrescens_JAM1.xml.gz
GCF_002102395.1	1798	Mycobacterium triviale	models/m/mycobacterium/Mycobacterium_triviale_DSM_44153.xml.gz
GCF_000212735.1	760192	Haliscomenobacter hydrossis DSM 1100	models/h/haliscomenobacter/Haliscomenobacter_hydrossis_DSM_1100.xml.gz
GCF_900114315.1	1123062	Roseomonas stagni DSM 19981	models/r/roseomonas/Roseomonas_stagni_DSM_19981.xml.gz
GCF_001050475.1	1007676	Lactobacillus ginsenosidimutans	models/l/lactobacillus/Lactobacillus_ginsenosidimutans_EMML_3041.xml.gz
GCF_000988095.1	206506	Kerstersia gyiorum	models/k/kerstersia/Kerstersia_gyiorum_CG1.xml.gz
GCF_000190435.1	158189	Sphaerochaeta globosa str. Buddy	models/s/sphaerochaeta/Sphaerochaeta_globosa_str_Buddy.xml.gz
GCF_900112585.1	402385	Kushneria avicenniae	models/k/kushneria/Kushneria_avicenniae_DSM_23439.xml.gz
GCF_001642915.1	980254	Roseimaritima ulvae	models/r/roseimaritima/Roseimaritima_ulvae_DSM_25454.xml.gz
GCF_001758365.1	1121290	Clostridium acetireducens DSM 10703	models/c/clostridium/Clostridium_acetireducens_DSM_10703.xml.gz
GCF_000163895.2	546269	Filifactor alocis ATCC 35896	models/f/filifactor/Filifactor_alocis_ATCC_35896.xml.gz
