assembly	taxid	organism	file	bytes	atps_ids	n_reactions	has_atps	genus
GCF_900094565.1	293958	Rhizobium lusitanum	Rhizobium_lusitanum_P1_7.xml.gz	217693		2030	False	Rhizobium
GCF_000255295.1	1144275	Corallococcus coralloides DSM 2259	Corallococcus_coralloides_DSM_2259.xml.gz	190496		1786	False	Corallococcus
GCF_900115595.1	441119	Tranquillimonas alkanivorans	Tranquillimonas_alkanivorans_DSM_19547.xml.gz	183059		1670	False	Tranquillimonas
GCF_001701045.1	1197717	Cloacibacillus porcorum	Cloacibacillus_porcorum_CL_84.xml.gz	154227		1357	False	Cloacibacillus
GCF_000687835.1	1408417	Acholeplasma modicum ATCC 29102	Acholeplasma_modicum_ATCC_29102.xml.gz	88406		816	False	Acholeplasma
GCF_000012565.1	269484	Ehrlichia canis str. Jake	Ehrlichia_canis_str_Jake.xml.gz	91828		840	False	Ehrlichia
GCF_900096955.1	1219383	Acinetobacter boissieri	Acinetobacter_boissieri_ANC_4422.xml.gz	168528	R_ATPS4rpp;	1628	True	Acinetobacter
GCF_900116905.1	574650	Micrococcus terreus	Micrococcus_terreus_CGMCC_1_7054.xml.gz	143654		1283	False	Micrococcus
GCF_000378005.1	1259795	Coprothermobacter platensis DSM 11748	Coprothermobacter_platensis_DSM_11748.xml.gz	121252		1135	False	Coprothermobacter
GCF_900128905.1	1297750	Bacteroides luti	Bacteroides_luti_DSM_26991.xml.gz	154656		1463	False	Bacteroides
GCF_001941485.1	1437875	Corynebacterium frankenforstense DSM 45800	Corynebacterium_frankenforstense_DSM_45800_ST18.xml.gz	135495		1164	False	Corynebacterium
GCF_000006765.1	208964	Pseudomonas aeruginosa PAO1	Pseudomonas_aeruginosa_PAO1.xml.gz	207036	R_ATPS4rpp;	1948	True	Pseudomonas
GCF_000023205.1	465515	Micrococcus luteus NCTC 2665	Micrococcus_luteus_NCTC_2665.xml.gz	136561		1175	False	Micrococcus
GCF_000967915.1	61635	Acholeplasma brassicae	Acholeplasma_brassicae_O502.xml.gz	97166		882	False	Acholeplasma
GCF_900129355.1	112248	Seinonella peptonophila	Seinonella_peptonophila_DSM_44666.xml.gz	147945		1372	False	Seinonella
GCF_000190755.2	697282	Methylobacter tundripaludum SV96	Methylobacter_tundripaludum_SV96.xml.gz	161925		1497	False	Methylobacter
GCF_000500065.1	1417229	Borrelia hispanica CRI	Borrelia_hispanica_CRI.xml.gz	69342		625	False	Borrelia
GCF_000507865.1	1357399	Helicobacter canis NCTC 12740	Helicobacter_canis_NCTC_12740.xml.gz	115650		1007	False	Helicobacter
GCF_000154505.1	411468	[Clostridium] scindens ATCC 35704	Clostridium_scindens_ATCC_35704.xml.gz	137426		1205	False	[Clostridium]
GCF_001878855.1	1904463	Arcobacter lekithochrous	Arcobacter_lekithochrous_LFT_1_7.xml.gz	156339		1422	False	Arcobacter
GCF_000174895.1	641112	Ruminococcus flavefaciens FD-1	Ruminococcus_flavefaciens_FD_1.xml.gz	123035		1077	False	Ruminococcus
GCF_000213975.1	888060	Centipeda periodontii DSM 2778	Centipeda_periodontii_DSM_2778.xml.gz	148096		1362	False	Centipeda
GCF_001514535.1	86166	Thermodesulfovibrio aggregans	Thermodesulfovibrio_aggregans_TGE_P1.xml.gz	133316		1184	False	Thermodesulfovibrio
GCF_000380505.1	1122132	Kaistia granuli DSM 23481	Kaistia_granuli_DSM_23481_Ko04.xml.gz	188452		1740	False	Kaistia
GCF_000313915.1	1234409	Catellicoccus marimammalium M35/04/3	Catellicoccus_marimammalium_M35_04_3.xml.gz	84492		749	False	Catellicoccus
GCF_001587375.1	46224	Bacillus sporothermodurans	Bacillus_sporothermodurans_B4102.xml.gz	157454		1475	False	Bacillus
GCF_000718325.1	1713	Oerskovia turbata	Oerskovia_turbata_NRRL_B_8019.xml.gz	150991		1334	False	Oerskovia
GCF_000012425.1	159087	Dechloromonas aromatica RCB	Dechloromonas_aromatica_RCB.xml.gz	178423	R_ATPS4rpp;	1705	True	Dechloromonas
GCF_900167075.1	413434	Sediminibacterium ginsengisoli	Sediminibacterium_ginsengisoli_DSM_22335.xml.gz	157545		1437	False	Sediminibacterium
GCF_000212695.1	590998	Cellulomonas fimi ATCC 484	Cellulomonas_fimi_ATCC_484.xml.gz	158178		1448	False	Cellulomonas
GCF_000421625.1	1123389	Thermus islandicus DSM 21543	Thermus_islandicus_DSM_21543.xml.gz	143565		1258	False	Thermus
GCF_000421285.1	1304886	Desulfotignum balticum DSM 7044	Desulfotignum_balticum_DSM_7044.xml.gz	172822		1546	False	Desulfotignum
GCF_000285495.1	946235	Oceanobacillus massiliensis str. N'diop	Oceanobacillus_massiliensis_str_N_diop_Ndiop.xml.gz	151758		1414	False	Oceanobacillus
GCF_000187975.2	873449	Streptococcus criceti HS-6	Streptococcus_criceti_HS_6.xml.gz	126973		1159	False	Streptococcus
GCF_900112995.1	706562	Lactobacillus rogosae	Lactobacillus_rogosae_ATCC_27753.xml.gz	122407		1081	False	Lactobacillus
GCF_000701465.1	1122933	Paraoerskovia marina DSM 21750	Paraoerskovia_marina_DSM_21750.xml.gz	143809		1307	False	Paraoerskovia
GCF_900156835.1	405559	Paracoccus saliphilus	Paracoccus_saliphilus_DSM_18447.xml.gz	188394		1732	False	Paracoccus
GCF_000423625.1	1123024	Pseudonocardia asaccharolytica DSM 44247 = NBRC 16224	Pseudonocardia_asaccharolytica_DSM_44247_NBRC_16224.xml.gz	162676		1381	False	Pseudonocardia
GCF_000425385.1	1121480	Pseudoduganella violaceinigra DSM 15887	Pseudoduganella_violaceinigra_DSM_15887.xml.gz	182751		1736	False	Pseudoduganella
GCF_900176305.1	1121291	Clostridium acidisoli DSM 12555	Clostridium_acidisoli_DSM_12555.xml.gz	158055		1449	False	Clostridium
GCF_000178455.1	585530	Brevibacterium mcbrellneri ATCC 49030	Brevibacterium_mcbrellneri_ATCC_49030.xml.gz	140272		1254	False	Brevibacterium
GCF_001719065.1	1008305	Fervidobacterium thailandensis	Fervidobacterium_thailandensis_FC2004.xml.gz	115171		998	False	Fervidobacterium
GCF_000723405.1	65786	Hydrogenophaga intermedia	Hydrogenophaga_intermedia_S1.xml.gz	192072		1756	False	Hydrogenophaga
GCF_000020465.1	290315	Chlorobium limicola DSM 245	Chlorobium_limicola_DSM_245.xml.gz	148186		1364	False	Chlorobium
GCF_001592745.1	959	Bdellovibrio bacteriovorus	Bdellovibrio_bacteriovorus_EC13.xml.gz	139114		1240	False	Bdellovibrio
GCF_900128735.1	1878935	Buchnera aphidicola (Cinara confinis)	Buchnera_aphidicola_Cinara_confinis_BCiconfinis.xml.gz	64049		507	False	Buchnera
GCF_000741695.1	1437610	Bifidobacterium reuteri DSM 23975	Bifidobacterium_reuteri_DSM_23975.xml.gz	105795		895	False	Bifidobacterium
GCF_900116065.1	871741	Brevundimonas viscosa	Brevundimonas_viscosa_CGMCC_1_10683.xml.gz	154409		1419	False	Brevundimonas
GCF_000021545.1	204536	Sulfurihydrogenibium azorense Az-Fu1	Sulfurihydrogenibium_azorense_Az_Fu1.xml.gz	127272		1108	False	Sulfurihydrogenibium
GCF_000827125.1	483547	Geoalkalibacter subterraneus	Geoalkalibacter_subterraneus_Red1.xml.gz	153887		1393	False	Geoalkalibacter
GCF_900106955.1	574349	Aidingimonas halophila	Aidingimonas_halophila_DSM_19219.xml.gz	200679	R_ATPS4rpp;	1965	True	Aidingimonas
GCF_000373385.1	1123393	Thiobacillus thioparus DSM 505	Thiobacillus_thioparus_DSM_505.xml.gz	151741		1425	False	Thiobacillus
GCF_000297115.1	857293	Caloramator australicus RC3	Caloramator_australicus_RC3.xml.gz	126616		1170	False	Caloramator
GCF_000422385.1	1122238	Microbacterium indicum DSM 19969	Microbacterium_indicum_DSM_19969.xml.gz	151876		1350	False	Microbacterium
GCF_000165735.1	706434	Megasphaera micronuciformis F0359	Megasphaera_micronuciformis_F0359.xml.gz	134551		1259	False	Megasphaera
GCF_001567585.1	47874	Micromonospora rosaria	Micromonospora_rosaria_DSM_803.xml.gz	179681		1647	False	Micromonospora
GCF_000153485.2	313595	Psychroflexus torquis ATCC 700755	Psychroflexus_torquis_ATCC_700755.xml.gz	164492		1487	False	Psychroflexus
GCF_000317855.1	759913	Streptococcus dysgalactiae subsp. equisimilis AC-2713	Streptococcus_dysgalactiae_subsp_equisimilis_AC_2713.xml.gz	126932		1178	False	Streptococcus
GCF_000701785.1	1408453	Mycoplasma alvi ATCC 29626	Mycoplasma_alvi_ATCC_29626.xml.gz	60118		513	False	Mycoplasma
GCF_000620765.1	1121433	Desulfovermiculus halophilus DSM 18834	Desulfovermiculus_halophilus_DSM_18834.xml.gz	153186		1356	False	Desulfovermiculus
GCF_001403875.1	687436	Paenibacillus ihumii	Paenibacillus_ihumii_AT5.xml.gz	163695		1501	False	Paenibacillus
GCF_900187885.1	877466	Thermoflexus hugenholtzii JAD2	Thermoflexus_hugenholtzii_JAD2.xml.gz	142996		1238	False	Thermoflexus
GCF_000473955.1	1349822	Coprobacter fastidiosus NSB1	Coprobacter_fastidiosus_NSB1.xml.gz	140246		1304	False	Coprobacter
GCF_000310185.1	1234381	Thauera aminoaromatica S2	Thauera_aminoaromatica_S2.xml.gz	180155		1695	False	Thauera
GCF_900101115.1	386301	Cryobacterium psychrotolerans	Cryobacterium_psychrotolerans_CGMCC_1_5382.xml.gz	152354		1362	False	Cryobacterium
GCF_900177745.1	1610489	Corynebacterium pollutisoli	Corynebacterium_pollutisoli_VDS.xml.gz	136389		1189	False	Corynebacterium
GCF_000331575.1	1191699	Bacillus oryziterrae	Bacillus_oryziterrae_ZYK.xml.gz	139656		1239	False	Bacillus
GCF_000689195.1	1286631	Sphaerotilus natans subsp. natans DSM 6575	Sphaerotilus_natans_subsp_natans_DSM_6575.xml.gz	187933		1732	False	Sphaerotilus
GCF_000308635.1	1206732	Nocardia otitidiscaviarum NBRC 14405	Nocardia_otitidiscaviarum_NBRC_14405.xml.gz	175245		1548	False	Nocardia
GCF_000764185.1	28229	Colwellia psychrerythraea	Colwellia_psychrerythraea_GAB14E.xml.gz	171462		1614	False	Colwellia
GCF_001484935.1	1242245	Acinetobacter johnsonii XBB1	Acinetobacter_johnsonii_XBB1.xml.gz	189416	R_ATPS4rpp;	1848	True	Acinetobacter
GCF_000379985.1	1123298	Streptococcus caballi DSM 19004	Streptococcus_caballi_DSM_19004.xml.gz	120299		1097	False	Streptococcus
GCF_000195635.1	763034	Bacteroides fluxus YIT 12057	Bacteroides_fluxus_YIT_12057.xml.gz	142471		1320	False	Bacteroides
GCF_000583875.1	1229831	Chlamydia avium 10DC88	Chlamydia_avium_10DC88.xml.gz	83116		773	False	Chlamydia
GCF_000015025.1	351607	Acidothermus cellulolyticus 11B	Acidothermus_cellulolyticus_11B_11B_ATCC_43068.xml.gz	141483		1254	False	Acidothermus
GCF_900111375.1	587636	Phycicoccus cremeus	Phycicoccus_cremeus_CGMCC_1_6963.xml.gz	171118		1567	False	Phycicoccus
GCF_900115565.1	587909	Yuhushiella deserti	Yuhushiella_deserti_CGMCC_4_5579.xml.gz	177838		1627	False	Yuhushiella
GCF_000772915.1	1000562	Streptococcus phocae subsp. salmonis	Streptococcus_phocae_subsp_salmonis_C_4.xml.gz	96480		853	False	Streptococcus
GCF_000092365.1	644284	Arcanobacterium haemolyticum DSM 20595	Arcanobacterium_haemolyticum_DSM_20595.xml.gz	107940		985	False	Arcanobacterium
GCF_000179035.2	768700	Mycoplasma suis str. Illinois	Mycoplasma_suis_str_Illinois.xml.gz	40306	R_ATPS4rpp;	339	True	Mycoplasma
GCF_001936235.1	109790	Lactobacillus jensenii	Lactobacillus_jensenii_SNUV360.xml.gz	90418		832	False	Lactobacillus
GCF_000703005.1	1458469	Pseudobutyrivibrio ruminis HUN009	Pseudobutyrivibrio_ruminis_HUN009.xml.gz	135364		1234	False	Pseudobutyrivibrio
GCF_002015115.1	734	Haemophilus paracuniculus	Haemophilus_paracuniculus_CCUG_43573.xml.gz	171793		1777	False	Haemophilus
GCF_001907655.1	1801	Mycobacterium diernhoferi	Mycobacterium_diernhoferi_Bard.xml.gz	172920		1576	False	Mycobacterium
GCF_000763135.1	1677920	Helicobacter jaachi	Helicobacter_jaachi_MIT_09_6949.xml.gz	122181		1077	False	Helicobacter
GCF_000375425.1	1121930	Gracilimonas tropica DSM 19535	Gracilimonas_tropica_DSM_19535.xml.gz	156900		1451	False	Gracilimonas
GCF_000245795.1	883113	Facklamia languida CCUG 37842	Facklamia_languida_CCUG_37842.xml.gz	99518		942	False	Facklamia
GCF_000021565.1	123214	Persephonella marina EX-H1	Persephonella_marina_EX_H1.xml.gz	138581		1238	False	Persephonella
GCF_000160535.1	585502	Prevotella bergensis DSM 17361	Prevotella_bergensis_DSM_17361.xml.gz	142709		1384	False	Prevotella
GCF_000733855.1	39774	Methylomicrobium agile	Methylomicrobium_agile_ATCC_35068.xml.gz	157918	R_ATPS4rpp;	1438	True	Methylomicrobium
GCF_000720925.1	367299	Phycicoccus jejuensis	Phycicoccus_jejuensis_NRRL_B_24460.xml.gz	165456		1521	False	Phycicoccus
GCF_002029235.1	1450648	Clostridium oryzae	Clostridium_oryzae_DSM_28571.xml.gz	151365		1407	False	Clostridium
GCF_900109605.1	464029	Rhizobium oryzae	Rhizobium_oryzae_CGMCC_1_7048.xml.gz	195352		1854	False	Rhizobium
GCF_000372425.1	1123303	Streptococcus ferus DSM 20646	Streptococcus_ferus_DSM_20646.xml.gz	121909		1135	False	Streptococcus
GCF_001702175.1	240427	Lactobacillus paracollinoides	Lactobacillus_paracollinoides_TMW_1_1994.xml.gz	147651		1348	False	Lactobacillus
GCF_000621445.1	1408424	Bacillus bogoriensis ATCC BAA-922	Bacillus_bogoriensis_ATCC_BAA_922.xml.gz	164882		1496	False	Bacillus
GCF_000429265.1	1120943	Actinomyces gerencseriae DSM 6844	Actinomyces_gerencseriae_DSM_6844.xml.gz	145007		1357	False	Actinomyces
GCF_000190695.1	888741	Kingella denitrificans ATCC 33394	Kingella_denitrificans_ATCC_33394.xml.gz	143468		1367	False	Kingella
GCF_002013915.1	1792845	Mucilaginibacter pedocola	Mucilaginibacter_pedocola_TBZ30.xml.gz	172888		1612	False	Mucilaginibacter
GCF_900188095.1	1688639	Noviherbaspirillum humi	Noviherbaspirillum_humi_U15.xml.gz	201056		1951	False	Noviherbaspirillum
GCF_000174755.1	553178	Capnocytophaga gingivalis ATCC 33624	Capnocytophaga_gingivalis_ATCC_33624.xml.gz	125509		1155	False	Capnocytophaga
GCF_900176415.1	504486	Cellulophaga tyrosinoxydans	Cellulophaga_tyrosinoxydans_DSM_21164.xml.gz	156162		1434	False	Cellulophaga
GCF_001700895.1	118101	Buchnera aphidicola (Diuraphis noxia)	Buchnera_aphidicola_Diuraphis_noxia.xml.gz	109864	R_ATPS4rpp;	1079	True	Buchnera
GCF_000321185.1	1211814	Bacillus massilioanorexius AP8	Bacillus_massilioanorexius_AP8.xml.gz	174327		1669	False	Bacillus
GCF_900141865.1	1120997	Anaerovibrio lipolyticus DSM 3074	Anaerovibrio_lipolyticus_DSM_3074.xml.gz	145612		1341	False	Anaerovibrio
GCF_000330705.1	1235755	Salinicoccus carnicancri Crm	Salinicoccus_carnicancri_Crm.xml.gz	158208		1402	False	Salinicoccus
GCF_000512915.1	880074	Barnesiella viscericola DSM 18177	Barnesiella_viscericola_DSM_18177_C46_DSM_18177.xml.gz	131639		1228	False	Barnesiella
GCF_000947195.1	38313	Shewanella algae	Shewanella_algae_MARS_14.xml.gz	204504		2073	False	Shewanella
GCF_000429985.1	1121441	Desulfovibrio bastinii DSM 16055	Desulfovibrio_bastinii_DSM_16055.xml.gz	154982		1388	False	Desulfovibrio
GCF_000752395.1	1499685	Bacillus andreraoultii	Bacillus_andreraoultii.xml.gz	154719		1423	False	Bacillus
GCF_000025965.1	76114	Aromatoleum aromaticum EbN1	Aromatoleum_aromaticum_EbN1.xml.gz	190977		1851	False	Aromatoleum
GCF_000729985.1	266748	Chryseobacterium antarcticum	Chryseobacterium_antarcticum_LMG_24720.xml.gz	148760		1353	False	Chryseobacterium
GCF_000737775.1	558152	Chryseobacterium piperi	Chryseobacterium_piperi_CTM.xml.gz	177751		1696	False	Chryseobacterium
GCF_900110105.1	551995	Mucilaginibacter gossypiicola	Mucilaginibacter_gossypiicola_Gh_48.xml.gz	180416		1682	False	Mucilaginibacter
GCF_000159315.1	1423757	Lactobacillus hilgardii DSM 20176 = ATCC 8290	Lactobacillus_hilgardii_DSM_20176_ATCC_8290.xml.gz	136111		1241	False	Lactobacillus
GCF_001507645.1	1411621	Hymenobacter sedentarius	Hymenobacter_sedentarius_DG5B.xml.gz	176549	R_ATPS4rpp;	1678	True	Hymenobacter
GCF_001729245.1	28452	Leptospira alstonii	Leptospira_alstonii_GWTS_1.xml.gz	160128		1440	False	Leptospira
GCF_000711955.1	1122604	Nevskia soli DSM 19509	Nevskia_soli_DSM_19509.xml.gz	190059		1799	False	Nevskia
GCF_001630115.1	1455	Bacillus badius	Bacillus_badius_SGD_V_25.xml.gz	158373		1455	False	Bacillus
GCF_000243115.2	929713	Niabella soli DSM 19437	Niabella_soli_DSM_19437_JS13_8_DSM_19437.xml.gz	170584		1606	False	Niabella
GCF_000009945.1	264202	Chlamydia felis Fe/C-56	Chlamydia_felis_Fe_C_56.xml.gz	85882		809	False	Chlamydia
GCF_000426305.1	1120998	Anaerovorax odorimutans DSM 5092	Anaerovorax_odorimutans_DSM_5092.xml.gz	134767		1216	False	Anaerovorax
GCF_000311865.1	1118062	Peptoniphilus obesi ph1	Peptoniphilus_obesi_ph1.xml.gz	100082		891	False	Peptoniphilus
GCF_000242595.2	889378	Spirochaeta africana DSM 8902	Spirochaeta_africana_DSM_8902.xml.gz	141920		1303	False	Spirochaeta
GCF_000332315.1	317619	Prochlorothrix hollandica PCC 9006 = CALU 1027	Prochlorothrix_hollandica_PCC_9006_CALU_1027.xml.gz	137517		1174	False	Prochlorothrix
GCF_000284415.1	1150469	Pararhodospirillum photometricum DSM 122	Pararhodospirillum_photometricum_DSM_122.xml.gz	170064		1564	False	Pararhodospirillum
GCF_900112975.1	935223	Flavobacterium xueshanense	Flavobacterium_xueshanense_CGMCC_1_9227.xml.gz	157494		1421	False	Flavobacterium
GCF_000177235.2	649639	Bacillus cellulosilyticus DSM 2522	Bacillus_cellulosilyticus_DSM_2522.xml.gz	152622		1366	False	Bacillus
GCF_000775775.1	1562701	bacterium endosymbiont of Mortierella elongata FMR23-6	bacterium_endosymbiont_of_Mortierella_elongata_FMR23_6.xml.gz	125707		1116	False	bacterium
GCF_002006565.1	1076596	Acetobacter persici	Acetobacter_persici_TMW2_1084.xml.gz	147052		1357	False	Acetobacter
GCF_000423245.1	1122146	Lactobacillus ceti DSM 22408	Lactobacillus_ceti_DSM_22408.xml.gz	94538		861	False	Lactobacillus
GCF_002086335.1	560555	Mycobacterium mantenii	Mycobacterium_mantenii_DSM_45255.xml.gz	167923		1477	False	Mycobacterium
GCF_000827005.1	1888	Streptomyces albus	Streptomyces_albus_DSM_41398.xml.gz	193649		1842	False	Streptomyces
GCF_001660005.1	1867252	Borrelia hermsii HS1	Borrelia_hermsii_HS1.xml.gz	76648		707	False	Borrelia
GCF_000193395.1	767031	Prevotella denticola F0289	Prevotella_denticola_F0289.xml.gz	133638		1282	False	Prevotella
GCF_000964085.1	345309	Luteibacter yeojuensis	Luteibacter_yeojuensis_SU11.xml.gz	174076	R_ATPS4rpp;	1676	True	Luteibacter
GCF_001708305.1	1888195	Streptococcus himalayensis	Streptococcus_himalayensis_HTS2.xml.gz	117691		1100	False	Streptococcus
GCF_900089125.1	114977	Mycobacterium acapulcensis	Mycobacterium_acapulcensis_CSURP1424.xml.gz	157959		1362	False	Mycobacterium
GCF_001590985.1	1219034	Novosphingobium naphthalenivorans NBRC 102051	Novosphingobium_naphthalenivorans_NBRC_102051.xml.gz	181053		1741	False	Novosphingobium
GCF_001021555.1	874156	Erythrobacter marinus	Erythrobacter_marinus_KCTC_23554.xml.gz	148226		1402	False	Erythrobacter
GCF_001637225.1	253703	Paenibacillus antarcticus	Paenibacillus_antarcticus_CECT_5836.xml.gz	165191		1533	False	Paenibacillus
GCF_900103275.1	686624	Tessaracoccus oleiagri	Tessaracoccus_oleiagri_CGMCC_1_9159.xml.gz	153730		1396	False	Tessaracoccus
GCF_000372865.1	1132443	Methylosarcina fibrata AML-C10	Methylosarcina_fibrata_AML_C10.xml.gz	165199	R_ATPS4rpp;	1539	True	Methylosarcina
GCF_000014265.1	203124	Trichodesmium erythraeum IMS101	Trichodesmium_erythraeum_IMS101.xml.gz	144750		1268	False	Trichodesmium
GCF_000008205.1	262719	Mycoplasma hyopneumoniae J	Mycoplasma_hyopneumoniae_J.xml.gz	52106		452	False	Mycoplasma
GCF_002086795.1	75922	Mycobacterium tusciae	Mycobacterium_tusciae_DSM_44153.xml.gz	172477		1533	False	Mycobacterium
GCF_000253015.1	696125	Bartonella clarridgeiae 73	Bartonella_clarridgeiae_73.xml.gz	110863		1029	False	Bartonella
GCF_000022145.1	455488	Anaeromyxobacter dehalogenans 2CP-1	Anaeromyxobacter_dehalogenans_2CP_1.xml.gz	172871		1586	False	Anaeromyxobacter
GCF_000026605.1	40041	Streptococcus equi subsp. zooepidemicus	Streptococcus_equi_subsp_zooepidemicus_H70.xml.gz	115342		1078	False	Streptococcus
GCF_000023065.1	595494	Tolumonas auensis DSM 9187	Tolumonas_auensis_DSM_9187.xml.gz	196024	R_ATPS4rpp;	1959	True	Tolumonas
GCF_000468015.1	411473	Ruminococcus callidus ATCC 27760	Ruminococcus_callidus_ATCC_27760.xml.gz	131778		1199	False	Ruminococcus
GCF_000565175.1	1276246	Spiroplasma culicicola AES-1	Spiroplasma_culicicola_AES_1.xml.gz	70755		632	False	Spiroplasma
GCF_900187375.1	89968	Hymenobacter gelipurpurascens	Hymenobacter_gelipurpurascens_DSM_11116.xml.gz	176437		1658	False	Hymenobacter
GCF_900168015.1	572036	Pedobacter luteus	Pedobacter_luteus_DSM_22385.xml.gz	161991		1499	False	Pedobacter
GCF_900107845.1	152573	Alkalimonas amylolytica	Alkalimonas_amylolytica_CGMCC_1_3430.xml.gz	174649		1639	False	Alkalimonas
GCF_000407545.1	1158614	Enterococcus gilvus ATCC BAA-350	Enterococcus_gilvus_ATCC_BAA_350.xml.gz	145219		1327	False	Enterococcus
GCF_001676155.1	368603	Morganella psychrotolerans	Morganella_psychrotolerans_GCSL_P101.xml.gz	204217	R_ATPS4rpp;	2159	True	Morganella
GCF_900111755.1	349064	Thalassotalea agarivorans	Thalassotalea_agarivorans_DSM_19706.xml.gz	177449		1717	False	Thalassotalea
GCF_001761345.1	621456	Sphingomonas melonis TY	Sphingomonas_melonis_TY.xml.gz	168823		1603	False	Sphingomonas
GCF_900096905.1	1612202	Pelagirhabdus alkalitolerans	Pelagirhabdus_alkalitolerans_S5.xml.gz	132378		1181	False	Pelagirhabdus
GCF_000828475.1	1384459	Methyloceanibacter caenitepidi	Methyloceanibacter_caenitepidi_Gela4.xml.gz	159268		1469	False	Methyloceanibacter
GCF_900148505.1	1123029	Pseudoxanthobacter soli DSM 19599	Pseudoxanthobacter_soli_DSM_19599.xml.gz	192317		1775	False	Pseudoxanthobacter
GCF_001722335.1	1776	Mycobacterium flavescens	Mycobacterium_flavescens_M6.xml.gz	171336		1509	False	Mycobacterium
GCF_000023225.1	525897	Desulfomicrobium baculatum DSM 4028	Desulfomicrobium_baculatum_DSM_4028.xml.gz	157294		1442	False	Desulfomicrobium
GCF_000342045.1	1244869	Magnetospirillum caucaseum	Magnetospirillum_caucaseum_SO_1.xml.gz	172690		1575	False	Magnetospirillum
GCF_900142405.1	1055723	Muricauda antarctica	Muricauda_antarctica_CGMCC_1_12174.xml.gz	167163		1536	False	Muricauda
GCF_900167025.1	225004	Treponema berlinense	Treponema_berlinense_ATCC_BAA_909.xml.gz	122185		1101	False	Treponema
GCF_000614105.1	1122987	Prevotella micans DSM 21469 = JCM 16134	Prevotella_micans_DSM_21469_JCM_16134.xml.gz	113396		1040	False	Prevotella
GCF_000023925.1	478801	Kytococcus sedentarius DSM 20547	Kytococcus_sedentarius_DSM_20547.xml.gz	144743		1320	False	Kytococcus
GCF_002028405.1	926	Thiomonas intermedia	Thiomonas_intermedia_ATCC_15466.xml.gz	168984		1561	False	Thiomonas
GCF_000741525.1	1437606	Bifidobacterium bohemicum DSM 22767	Bifidobacterium_bohemicum_DSM_22767.xml.gz	99966		852	False	Bifidobacterium
GCF_000423805.1	1123364	Thalassobaculum salexigens DSM 19539	Thalassobaculum_salexigens_DSM_19539.xml.gz	194253		1770	False	Thalassobaculum
GCF_000160775.2	585531	Aeromicrobium marinum DSM 15272	Aeromicrobium_marinum_DSM_15272.xml.gz	129127		1069	False	Aeromicrobium
GCF_001613165.1	1210089	Nocardia mexicana NBRC 108244	Nocardia_mexicana_NBRC_108244.xml.gz	193743		1783	False	Nocardia
GCF_000423345.1	1122194	Marinimicrobium agarilyticum DSM 16975	Marinimicrobium_agarilyticum_DSM_16975.xml.gz	170294	R_ATPS4rpp;	1594	True	Marinimicrobium
GCF_000425585.1	1123356	Terrimonas ferruginea DSM 30193	Terrimonas_ferruginea_DSM_30193.xml.gz	170246		1579	False	Terrimonas
GCF_000223375.1	759362	Ketogulonicigenium vulgare WSH-001	Ketogulonicigenium_vulgare_WSH_001.xml.gz	162429		1501	False	Ketogulonicigenium
GCF_900148515.1	1073327	Algoriphagus zhangzhouensis	Algoriphagus_zhangzhouensis_DSM_25035.xml.gz	161857		1471	False	Algoriphagus
GCF_001853345.1	653954	Sphingomonas haloaromaticamans	Sphingomonas_haloaromaticamans_P3.xml.gz	180795		1751	False	Sphingomonas
GCF_000376225.1	1120973	Effusibacillus pohliae DSM 22757	Effusibacillus_pohliae_DSM_22757.xml.gz	168772		1579	False	Effusibacillus
GCF_900129315.1	1194090	Aliifodinibius roseus	Aliifodinibius_roseus_DSM_21986.xml.gz	166587		1551	False	Aliifodinibius
GCF_000246895.1	545243	Clostridium arbusti SL206	Clostridium_arbusti_SL206.xml.gz	152058		1378	False	Clostridium
GCF_000429605.1	1121032	Azonexus hydrophilus DSM 23864	Azonexus_hydrophilus_DSM_23864.xml.gz	162335	R_ATPS4rpp;	1490	True	Azonexus
GCF_001305595.1	528244	Azospirillum thiophilum	Azospirillum_thiophilum_BV_S.xml.gz	203561		1877	False	Azospirillum
GCF_000242615.2	903818	Holophaga foetida DSM 6591	Holophaga_foetida_DSM_6591.xml.gz	163226		1504	False	Holophaga
GCF_900167095.1	64969	Oceanospirillum multiglobuliferum	Oceanospirillum_multiglobuliferum_ATCC_33336.xml.gz	167858	R_ATPS4rpp;	1508	True	Oceanospirillum
GCF_002215215.1	1192854	Granulosicoccus antarcticus IMCC3135	Granulosicoccus_antarcticus_IMCC3135.xml.gz	224645	R_ATPS4rpp;	2165	True	Granulosicoccus
GCF_000247565.1	1142511	Wigglesworthia glossinidia endosymbiont of Glossina morsitans morsitans (Yale colony)	Wigglesworthia_glossinidia_endosymbiont_of_Glossina_morsitans_morsitans_Yale_colony.xml.gz	86943	R_ATPS4rpp;	753	True	Wigglesworthia
GCF_001592105.1	1285191	Desulfotomaculum intricatum	Desulfotomaculum_intricatum_NBRC_109411.xml.gz	134470		1196	False	Desulfotomaculum
GCF_000312345.1	1203190	Corynebacterium timonense 5401744	Corynebacterium_timonense_5401744.xml.gz	139074		1228	False	Corynebacterium
GCF_000016905.1	391009	Thermosipho melanesiensis BI429	Thermosipho_melanesiensis_BI429.xml.gz	105222		865	False	Thermosipho
GCF_000373805.1	1121366	Corynebacterium pilosum DSM 20521	Corynebacterium_pilosum_DSM_20521.xml.gz	134890		1177	False	Corynebacterium
GCF_000421465.1	1283300	Methylohalobius crimeensis 10Ki	Methylohalobius_crimeensis_10Ki.xml.gz	152935	R_ATPS4rpp;	1399	True	Methylohalobius
GCF_000152825.2	314260	Parvularcula bermudensis HTCC2503	Parvularcula_bermudensis_HTCC2503.xml.gz	145415		1359	False	Parvularcula
GCF_000974365.1	1236989	Geofilum rubicundum JCM 15548	Geofilum_rubicundum_JCM_15548.xml.gz	152599		1403	False	Geofilum
GCF_000165675.1	907931	Leuconostoc fallax KCTC 3537	Leuconostoc_fallax_KCTC_3537.xml.gz	96767		829	False	Leuconostoc
GCF_001029445.1	1195763	Photobacterium aquae	Photobacterium_aquae_CGMCC_1_12159.xml.gz	202690		2068	False	Photobacterium
GCF_000422265.1	1121288	Chryseobacterium palustre DSM 21579	Chryseobacterium_palustre_DSM_21579.xml.gz	152041		1417	False	Chryseobacterium
GCF_001418655.1	1923	Streptomyces phaeochromogenes	Streptomyces_phaeochromogenes_NRRL_B_1248.xml.gz	210397		2006	False	Streptomyces
GCF_900105785.1	546874	Friedmanniella sagamiharensis	Friedmanniella_sagamiharensis_DSM_21743.xml.gz	162380		1479	False	Friedmanniella
GCF_000210095.1	213810	Ruminococcus champanellensis 18P13 = JCM 17042	Ruminococcus_champanellensis_18P13_JCM_17042_type_strain_18P13.xml.gz	126698		1172	False	Ruminococcus
GCF_000527095.1	1114263	Methylosarcina lacus LW14	Methylosarcina_lacus_LW14.xml.gz	160668	R_ATPS4rpp;	1492	True	Methylosarcina
GCF_900102545.1	104663	Chitinophaga filiformis	Chitinophaga_filiformis_DSM_527.xml.gz	185478		1740	False	Chitinophaga
GCF_000423445.1	1122998	Acidipropionibacterium thoenii DSM 20276	Acidipropionibacterium_thoenii_DSM_20276.xml.gz	151099		1379	False	Acidipropionibacterium
GCF_000013325.1	279238	Novosphingobium aromaticivorans DSM 12444	Novosphingobium_aromaticivorans_DSM_12444.xml.gz	179772		1702	False	Novosphingobium
GCF_002094855.1	1185767	Zunongwangia atlantica 22II14-10F7	Zunongwangia_atlantica_22II14_10F7.xml.gz	173026		1609	False	Zunongwangia
GCF_000008765.1	272562	Clostridium acetobutylicum ATCC 824	Clostridium_acetobutylicum_ATCC_824.xml.gz	145826		1360	False	Clostridium
GCF_001874525.1	117209	Desulfovibrio dechloracetivorans	Desulfovibrio_dechloracetivorans_BerOc1.xml.gz	166462		1529	False	Desulfovibrio
GCF_000438455.1	1232430	Nosocomiicoccus massiliensis	Nosocomiicoccus_massiliensis_NP2.xml.gz	106970		948	False	Nosocomiicoccus
GCF_001640115.1	1333662	Polaribacter atrinae	Polaribacter_atrinae_KACC_17473.xml.gz	164952		1494	False	Polaribacter
GCF_000376105.1	1121022	Asticcacaulis benevestitus DSM 16100 = ATCC BAA-896	Asticcacaulis_benevestitus_DSM_16100_ATCC_BAA_896.xml.gz	171918		1644	False	Asticcacaulis
GCF_900099615.1	34095	Borreliella japonica	Borreliella_japonica_ATCC_51557.xml.gz	72838		686	False	Borreliella
GCF_001437075.1	331679	Pediococcus stilesii	Pediococcus_stilesii_DSM_18001.xml.gz	115206		1074	False	Pediococcus
GCF_001941945.1	257708	Roseomonas gilardii	Roseomonas_gilardii_U14_5.xml.gz	204491		1950	False	Roseomonas
GCF_000568815.1	1150621	Sulfurospirillum multivorans DSM 12446	Sulfurospirillum_multivorans_DSM_12446.xml.gz	153523		1462	False	Sulfurospirillum
GCF_001447335.1	652	Aeromonas schubertii	Aeromonas_schubertii_WL1483.xml.gz	208190	R_ATPS4rpp;	2121	True	Aeromonas
GCF_000317435.1	1170562	Calothrix sp. PCC 6303	Calothrix_sp_PCC_6303.xml.gz	144312		1255	False	Calothrix
GCF_900105925.1	419479	Jiangella alkaliphila	Jiangella_alkaliphila_DSM_45079.xml.gz	175631		1559	False	Jiangella
GCF_000158215.3	469599	Fusobacterium periodonticum 2_1_31	Fusobacterium_periodonticum_2_1_31.xml.gz	125651		1157	False	Fusobacterium
GCF_900162665.1	582851	Oceanobacillus sojae	Oceanobacillus_sojae_SK_2.xml.gz	167975		1566	False	Oceanobacillus
GCF_900188185.1	436663	Sphingopyxis indica	Sphingopyxis_indica_DS15.xml.gz	163497		1542	False	Sphingopyxis
GCF_000821065.1	545501	Oceanobacillus oncorhynchi	Oceanobacillus_oncorhynchi_Oc5.xml.gz	173443		1646	False	Oceanobacillus
GCF_900112545.1	517719	Pseudooceanicola nitratireducens	Pseudooceanicola_nitratireducens_DSM_29619.xml.gz	171118		1491	False	Pseudooceanicola
GCF_000286395.1	1179226	Staphylococcus lentus F1142	Staphylococcus_lentus_F1142.xml.gz	150483		1306	False	Staphylococcus
GCF_000741765.1	356829	Bifidobacterium tsurumiense	Bifidobacterium_tsurumiense_JCM_13495.xml.gz	115234		1053	False	Bifidobacterium
GCF_900177295.1	560819	Tistlia consotensis USBA 355	Tistlia_consotensis_USBA_355.xml.gz	197759		1801	False	Tistlia
GCF_000285555.1	1033739	Kurthia massiliensis	Kurthia_massiliensis_JC30T.xml.gz	147965		1377	False	Kurthia
GCF_900112355.1	910347	Streptomyces aidingensis	Streptomyces_aidingensis_CGMCC_4_5739.xml.gz	166529		1513	False	Streptomyces
GCF_900111135.1	137733	Granulicatella balaenopterae	Granulicatella_balaenopterae_DSM_15827.xml.gz	93211		804	False	Granulicatella
GCF_000427625.1	1095552	Methylobacter luteus IMV-B-3098	Methylobacter_luteus_IMV_B_3098.xml.gz	171144	R_ATPS4rpp;	1602	True	Methylobacter
GCF_000185725.2	679197	Segniliparus rugosus ATCC BAA-974	Segniliparus_rugosus_ATCC_BAA_974.xml.gz	147830		1333	False	Segniliparus
GCF_001742225.1	158500	Novosphingobium resinovorum	Novosphingobium_resinovorum_SA1.xml.gz	208448		2025	False	Novosphingobium
GCF_001545035.1	1777143	Caballeronia glebae	Caballeronia_glebae.xml.gz	216823		2029	False	Caballeronia
GCF_000328705.1	1179773	Saccharothrix espanaensis DSM 44229	Saccharothrix_espanaensis_DSM_44229_type_strain_DSM_44229.xml.gz	197190		1860	False	Saccharothrix
GCF_000741575.1	1688	Bifidobacterium cuniculi	Bifidobacterium_cuniculi_LMG_10738.xml.gz	117131		1080	False	Bifidobacterium
GCF_000617925.1	1236959	Methylobacillus glycogenes JCM 2850	Methylobacillus_glycogenes_JCM_2850.xml.gz	135221	R_ATPS4rpp;	1307	True	Methylobacillus
GCF_000381785.1	1278309	Amphritea japonica ATCC BAA-1530	Amphritea_japonica_ATCC_BAA_1530_JAMM_1866.xml.gz	164912		1484	False	Amphritea
GCF_900110835.1	29529	Chitinophaga arvensicola	Chitinophaga_arvensicola_DSM_3695.xml.gz	180266		1671	False	Chitinophaga
GCF_000374165.1	222534	Frankia elaeagni	Frankia_elaeagni_BMG5_12.xml.gz	172240		1545	False	Frankia
GCF_000413035.1	1125700	Treponema medium ATCC 700293	Treponema_medium_ATCC_700293.xml.gz	118819		1134	False	Treponema
GCF_000015125.1	290317	Chlorobium phaeobacteroides DSM 266	Chlorobium_phaeobacteroides_DSM_266.xml.gz	148300		1361	False	Chlorobium
GCF_001885905.1	319970	Enterococcus devriesei	Enterococcus_devriesei_DSM_22802.xml.gz	138768		1264	False	Enterococcus
GCF_000016065.1	323850	Shewanella loihica PV-4	Shewanella_loihica_PV_4.xml.gz	198386		2010	False	Shewanella
GCF_001050035.1	1566885	Mycobacterium komanii	Mycobacterium_komanii_GPK_1020.xml.gz	162252		1413	False	Mycobacterium
GCF_001757355.1	1592790	Sphingobium phenoxybenzoativorans	Sphingobium_phenoxybenzoativorans_SC_3.xml.gz	179081		1685	False	Sphingobium
GCF_001493375.1	498367	Streptomyces specialis	Streptomyces_specialis_type_strain_GW41_1564.xml.gz	163575		1452	False	Streptomyces
GCF_900142165.1	1121950	Hespellia stercorisuis DSM 15480	Hespellia_stercorisuis_DSM_15480.xml.gz	138829		1233	False	Hespellia
GCF_000428805.1	1121360	Corynebacterium freiburgense DSM 45254	Corynebacterium_freiburgense_DSM_45254.xml.gz	136120		1191	False	Corynebacterium
GCF_001880325.1	56956	Thermus brockianus	Thermus_brockianus_GE_1.xml.gz	143203		1280	False	Thermus
GCF_001562425.1	520764	Fervidicola ferrireducens	Fervidicola_ferrireducens_Y170.xml.gz	134572		1213	False	Fervidicola
GCF_000621145.1	1121402	Desulfobulbus elongatus DSM 2908	Desulfobulbus_elongatus_DSM_2908.xml.gz	166974		1569	False	Desulfobulbus
GCF_000320365.1	1230338	Moraxella macacae 0408225	Moraxella_macacae_0408225.xml.gz	134245	R_ATPS4rpp;	1224	True	Moraxella
GCF_001421015.2	1616788	Paenibacillus bovis	Paenibacillus_bovis_BD3526.xml.gz	175778		1670	False	Paenibacillus
GCF_001895085.1	1921010	Mariprofundus micogutta	Mariprofundus_micogutta_ET2.xml.gz	144386	R_ATPS4rpp;	1317	True	Mariprofundus
GCF_900115815.1	93684	Roseivivax halotolerans	Roseivivax_halotolerans_JCM_10271.xml.gz	174816		1598	False	Roseivivax
GCF_000812875.1	510955	Chryseobacterium solincola	Chryseobacterium_solincola_DSM_22468.xml.gz	144076		1307	False	Chryseobacterium
GCF_000300815.1	1046714	Gayadomonas joobiniege G7	Gayadomonas_joobiniege_G7.xml.gz	170121		1625	False	Gayadomonas
GCF_000062885.1	405948	Saccharopolyspora erythraea NRRL 2338	Saccharopolyspora_erythraea_NRRL_2338.xml.gz	192313		1770	False	Saccharopolyspora
GCF_000017585.1	360107	Campylobacter hominis ATCC BAA-381	Campylobacter_hominis_ATCC_BAA_381.xml.gz	115644		1042	False	Campylobacter
GCF_000832015.1	679259	Gilvimarinus agarilyticus	Gilvimarinus_agarilyticus_JEA5.xml.gz	173299	R_ATPS4rpp;	1634	True	Gilvimarinus
GCF_000231275.1	742725	Alistipes indistinctus YIT 12060	Alistipes_indistinctus_YIT_12060.xml.gz	141729		1331	False	Alistipes
GCF_000309385.1	118166	Nodosilinea nodulosa PCC 7104	Nodosilinea_nodulosa_PCC_7104.xml.gz	156022		1366	False	Nodosilinea
GCF_001449115.1	1577687	Terracidiphilus gabretensis	Terracidiphilus_gabretensis_S55.xml.gz	174871		1630	False	Terracidiphilus
GCF_000701705.1	1408428	Bilophila wadsworthia ATCC 49260	Bilophila_wadsworthia_ATCC_49260.xml.gz	167881		1551	False	Bilophila
GCF_002104475.1	1888913	Colwellia mytili	Colwellia_mytili_KCTC_52417.xml.gz	177765		1654	False	Colwellia
GCF_000013885.1	323097	Nitrobacter hamburgensis X14	Nitrobacter_hamburgensis_X14.xml.gz	163443		1448	False	Nitrobacter
GCF_000515395.1	987045	Jiangella gansuensis DSM 44835	Jiangella_gansuensis_DSM_44835.xml.gz	171675		1507	False	Jiangella
GCF_000173975.1	411469	[Eubacterium] hallii DSM 3353	Eubacterium_hallii_DSM_3353.xml.gz	139689		1255	False	[Eubacterium]
GCF_000160095.1	566550	Hungatella hathewayi DSM 13479	Hungatella_hathewayi_DSM_13479.xml.gz	168891		1555	False	Hungatella
GCF_900100155.1	177413	Ancylobacter rudongensis	Ancylobacter_rudongensis_CGMCC_1_1761.xml.gz	180502		1641	False	Ancylobacter
GCF_001431195.1	480284	Virgibacillus soli	Virgibacillus_soli_PL205.xml.gz	158746		1451	False	Virgibacillus
GCF_001571305.1	1219360	Erwinia persicina NBRC 102418	Erwinia_persicina_NBRC_102418.xml.gz	242800	R_ATPS4rpp;	2572	True	Erwinia
GCF_001553195.1	1117644	Mycoplasma canis PG 14	Mycoplasma_canis_PG_14.xml.gz	58668		523	False	Mycoplasma
GCF_000428785.1	1121351	Conchiformibius kuhniae DSM 17694	Conchiformibius_kuhniae_DSM_17694.xml.gz	149031		1408	False	Conchiformibius
GCF_002162375.1	141451	Oleiphilus messinensis	Oleiphilus_messinensis_ME102.xml.gz	179235	R_ATPS4rpp;	1633	True	Oleiphilus
GCF_002108605.1	326522	Neisseria animaloris	Neisseria_animaloris_DSM_21642.xml.gz	159880		1564	False	Neisseria
GCF_000517545.1	1445607	Bacteroides reticulotermitis JCM 10512	Bacteroides_reticulotermitis_JCM_10512.xml.gz	138582		1303	False	Bacteroides
GCF_900104135.1	419597	Halomonas shengliensis	Halomonas_shengliensis_CGMCC_1_6444.xml.gz	197067	R_ATPS4rpp;	1938	True	Halomonas
GCF_000317475.1	179408	Oscillatoria nigro-viridis PCC 7112	Oscillatoria_nigro_viridis_PCC_7112.xml.gz	148916		1311	False	Oscillatoria
GCF_001618885.1	70255	Staphylococcus condimenti	Staphylococcus_condimenti_DSM_11674.xml.gz	137352		1161	False	Staphylococcus
GCF_001467585.1	1212489	Legionella drozanskii LLAP-1	Legionella_drozanskii_LLAP_1_ATCC_700990.xml.gz	160496		1507	False	Legionella
GCF_000152145.1	765420	Oscillochloris trichoides DG-6	Oscillochloris_trichoides_DG_6.xml.gz	145725		1315	False	Oscillochloris
GCF_001010285.1	230089	Photorhabdus temperata subsp. thracensis	Photorhabdus_temperata_subsp_thracensis_DSM_15199.xml.gz	214800	R_ATPS4rpp;	2230	True	Photorhabdus
GCF_000186265.1	688270	Cellulophaga algicola DSM 14237	Cellulophaga_algicola_DSM_14237.xml.gz	167916		1540	False	Cellulophaga
GCF_900129055.1	1122156	Lampropedia hyalina DSM 16112	Lampropedia_hyalina_DSM_16112.xml.gz	165706		1545	False	Lampropedia
GCF_001650715.1	1285242	Magnetospirillum marisnigri	Magnetospirillum_marisnigri_SP_1.xml.gz	174148		1590	False	Magnetospirillum
GCF_001466665.1	1217799	Dehalogenimonas alkenigignens	Dehalogenimonas_alkenigignens_IP3_3.xml.gz	111602		975	False	Dehalogenimonas
GCF_900167255.1	92487	Thiothrix eikelboomii	Thiothrix_eikelboomii_ATCC_49788.xml.gz	187741	R_ATPS4rpp;	1810	True	Thiothrix
GCF_000379945.1	1122974	Porphyromonas macacae DSM 20710 = JCM 13914	Porphyromonas_macacae_DSM_20710_JCM_13914.xml.gz	133158		1262	False	Porphyromonas
GCF_000026745.1	568814	Streptococcus suis BM407	Streptococcus_suis_BM407.xml.gz	118487		1090	False	Streptococcus
GCF_000686545.1	1408449	Mesoplasma syrphidae ATCC 51578	Mesoplasma_syrphidae_ATCC_51578.xml.gz	70057		644	False	Mesoplasma
GCF_000311785.1	1118054	Brevibacillus massiliensis	Brevibacillus_massiliensis.xml.gz	188759		1764	False	Brevibacillus
GCF_000025205.1	553190	Gardnerella vaginalis 409-05	Gardnerella_vaginalis_409_05.xml.gz	83097		704	False	Gardnerella
GCF_900111265.1	1121357	Corynebacterium cystitidis DSM 20524	Corynebacterium_cystitidis_DSM_20524.xml.gz	131631		1151	False	Corynebacterium
GCF_001592935.1	296218	Roseivirga echinicomitans	Roseivirga_echinicomitans_KMM_6058.xml.gz	157725		1397	False	Roseivirga
GCF_000423005.1	1121912	Gelidibacter mesophilus DSM 14095	Gelidibacter_mesophilus_DSM_14095.xml.gz	163264		1486	False	Gelidibacter
GCF_900107105.1	1137993	Geodermatophilus africanus	Geodermatophilus_africanus_DSM_45422.xml.gz	172131		1511	False	Geodermatophilus
GCF_001660705.2	1849719	Labilibacter aurantiacus	Labilibacter_aurantiacus_HQYD1.xml.gz	171248		1571	False	Labilibacter
GCF_002120225.1	1635173	Tenacibaculum holothuriorum	Tenacibaculum_holothuriorum_S2_2.xml.gz	151948		1352	False	Tenacibaculum
GCF_000746645.1	470	Acinetobacter baumannii	Acinetobacter_baumannii_AB030.xml.gz	204476	R_ATPS4rpp;	1989	True	Acinetobacter
GCF_001418575.1	66896	Streptomyces griseoplanus	Streptomyces_griseoplanus_NRRL_B_3064.xml.gz	187525		1740	False	Streptomyces
GCF_900142035.1	415425	Flavobacterium terrae	Flavobacterium_terrae_DSM_18829.xml.gz	145552		1291	False	Flavobacterium
GCF_000429545.1	1121011	Arenibacter certesii DSM 19833	Arenibacter_certesii_DSM_19833.xml.gz	170894		1547	False	Arenibacter
GCF_001729525.1	1703	Brevibacterium linens	Brevibacterium_linens_SMQ_1335.xml.gz	160348		1446	False	Brevibacterium
GCF_000422525.1	1121434	Halodesulfovibrio aestuarii DSM 10141	Halodesulfovibrio_aestuarii_DSM_10141.xml.gz	154490		1427	False	Halodesulfovibrio
GCF_000518205.1	1408438	Facklamia sourekii ATCC 700629	Facklamia_sourekii_ATCC_700629.xml.gz	121394		1112	False	Facklamia
GCF_001310775.1	1236960	Stenotrophomonas pictorum JCM 9942	Stenotrophomonas_pictorum_JCM_9942.xml.gz	142939		1293	False	Stenotrophomonas
GCF_001550055.1	637679	Kordiimonas lacus	Kordiimonas_lacus_S3_22.xml.gz	164794		1486	False	Kordiimonas
GCF_000966355.1	480418	Mycobacterium lepromatosis	Mycobacterium_lepromatosis_Mx1_22A.xml.gz	109016		876	False	Mycobacterium
GCF_000341895.1	1322246	Pseudodesulfovibrio piezophilus C1TLV30	Pseudodesulfovibrio_piezophilus_C1TLV30_type_strain_C1TLV30.xml.gz	152363		1381	False	Pseudodesulfovibrio
GCF_001263395.1	1437605	Bifidobacterium actinocoloniiforme DSM 22766	Bifidobacterium_actinocoloniiforme_DSM_22766.xml.gz	106447		1009	False	Bifidobacterium
GCF_001721645.1	430522	Pedobacter steynii	Pedobacter_steynii_DX4.xml.gz	177391		1676	False	Pedobacter
GCF_000518765.1	1336236	Ruminococcus flavefaciens ATCC 19208	Ruminococcus_flavefaciens_ATCC_19208.xml.gz	124757		1092	False	Ruminococcus
GCF_001437055.1	396268	Lactobacillus secaliphilus	Lactobacillus_secaliphilus_DSM_17896.xml.gz	98740		928	False	Lactobacillus
GCF_000285835.1	1033736	Brevibacterium senegalense	Brevibacterium_senegalense.xml.gz	143560		1267	False	Brevibacterium
GCF_900103835.1	258515	Acetanaerobacterium elongatum	Acetanaerobacterium_elongatum_CGMCC_1_5012.xml.gz	131863		1208	False	Acetanaerobacterium
GCF_001663175.1	1112	Porphyrobacter neustonensis	Porphyrobacter_neustonensis_DSM_9434.xml.gz	154995		1425	False	Porphyrobacter
GCF_000565215.1	1276257	Spiroplasma sabaudiense Ar-1343	Spiroplasma_sabaudiense_Ar_1343.xml.gz	74842		679	False	Spiroplasma
GCF_000160575.1	585506	Weissella paramesenteroides ATCC 33313	Weissella_paramesenteroides_ATCC_33313.xml.gz	115448		1055	False	Weissella
GCF_000317575.1	111780	Stanieria cyanosphaera PCC 7437	Stanieria_cyanosphaera_PCC_7437.xml.gz	152725		1351	False	Stanieria
GCF_900163755.1	360316	Crenothrix polyspora	Crenothrix_polyspora.xml.gz	153815	R_ATPS4rpp;	1413	True	Crenothrix
GCF_001940525.2	1915078	Thioclava nitratireducens	Thioclava_nitratireducens_25B10_4.xml.gz	187510		1738	False	Thioclava
GCF_000770305.1	796334	Erwinia oleae	Erwinia_oleae_DAPP_PG531.xml.gz	235330	R_ATPS4rpp;	2488	True	Erwinia
GCF_900115735.1	43305	Butyrivibrio proteoclasticus	Butyrivibrio_proteoclasticus_P18.xml.gz	142830		1302	False	Butyrivibrio
GCF_900100975.1	492660	Methylophilus rhizosphaerae	Methylophilus_rhizosphaerae_CBMB127.xml.gz	145843		1384	False	Methylophilus
GCF_001314945.1	148814	Lactobacillus kunkeei	Lactobacillus_kunkeei_MP2.xml.gz	104339		951	False	Lactobacillus
GCF_900172285.1	475083	Roseovarius aestuarii	Roseovarius_aestuarii_CECT_7745.xml.gz	179749		1612	False	Roseovarius
GCF_001983995.1	930805	Halioglobus japonicus	Halioglobus_japonicus_NBRC_107739.xml.gz	169624		1537	False	Halioglobus
GCF_000429345.1	1121468	Desulfovirgula thermocuniculi DSM 16036	Desulfovirgula_thermocuniculi_DSM_16036.xml.gz	141364		1236	False	Desulfovirgula
GCF_000016345.1	312153	Polynucleobacter asymbioticus QLW-P1DMWA-1	Polynucleobacter_asymbioticus_QLW_P1DMWA_1.xml.gz	147773		1340	False	Polynucleobacter
GCF_000332155.1	402777	Kamptonema formosum PCC 6407	Kamptonema_formosum_PCC_6407.xml.gz	154027		1355	False	Kamptonema
GCF_001404895.1	1267	Clostridium ventriculi	Clostridium_ventriculi_2789STDY5834858.xml.gz	122271		1071	False	Clostridium
GCF_000400735.1	1120927	Acinetobacter tandoii DSM 14970 = CIP 107469	Acinetobacter_tandoii_DSM_14970_CIP_107469.xml.gz	181518	R_ATPS4rpp;	1717	True	Acinetobacter
GCF_900104475.1	405564	Actinopolyspora xinjiangensis	Actinopolyspora_xinjiangensis_DSM_46732.xml.gz	166281		1504	False	Actinopolyspora
GCF_900156765.1	477680	Filimonas lacunae	Filimonas_lacunae_DSM_21054.xml.gz	182657		1702	False	Filimonas
GCF_002086415.1	459858	Mycobacterium noviomagense	Mycobacterium_noviomagense_DSM_45145.xml.gz	149994		1285	False	Mycobacterium
GCF_001556105.1	128785	Pseudoxanthomonas mexicana	Pseudoxanthomonas_mexicana_CCH9_G4.xml.gz	171779		1604	False	Pseudoxanthomonas
GCF_000021485.1	243159	Acidithiobacillus ferrooxidans ATCC 23270	Acidithiobacillus_ferrooxidans_ATCC_23270.xml.gz	146699	R_ATPS4rpp;	1317	True	Acidithiobacillus
GCF_002007745.1	758802	Mycobacterium litorale	Mycobacterium_litorale_F4.xml.gz	171396		1529	False	Mycobacterium
GCF_002161865.1	46240	Paenibacillus apiarius	Paenibacillus_apiarius_NRRL_B_23460.xml.gz	176024		1676	False	Paenibacillus
GCF_002173495.1	1452	Bacillus atrophaeus	Bacillus_atrophaeus_SRCM101359.xml.gz	166355		1523	False	Bacillus
GCF_900103785.1	1137991	Geodermatophilus siccatus	Geodermatophilus_siccatus_DSM_45419.xml.gz	175336		1583	False	Geodermatophilus
GCF_000427405.1	929703	Flectobacillus major DSM 103	Flectobacillus_major_DSM_103.xml.gz	179441		1690	False	Flectobacillus
GCF_900099965.1	633440	Nonomuraea jiangxiensis	Nonomuraea_jiangxiensis_CGMCC_4_6533.xml.gz	213444		2024	False	Nonomuraea
GCF_900116365.1	376730	Zhouia amylolytica	Zhouia_amylolytica_CGMCC_1_6114.xml.gz	159441		1425	False	Zhouia
GCF_001831495.1	1763536	Thalassotalea crassostreae	Thalassotalea_crassostreae_LPB0090.xml.gz	192201		1889	False	Thalassotalea
GCF_000967305.2	511	Alcaligenes faecalis	Alcaligenes_faecalis_ZD02.xml.gz	195470		1847	False	Alcaligenes
GCF_001553935.1	544580	Actinomyces oris	Actinomyces_oris_T14V.xml.gz	132984		1220	False	Actinomyces
GCF_000026405.1	349519	Leuconostoc citreum KM20	Leuconostoc_citreum_KM20.xml.gz	123327		1087	False	Leuconostoc
GCF_001053185.1	1236609	Mycobacterium bohemicum DSM 44277	Mycobacterium_bohemicum_DSM_44277.xml.gz	153965		1342	False	Mycobacterium
GCF_000828655.1	1408159	Thermotoga caldifontis AZM44c09	Thermotoga_caldifontis_AZM44c09.xml.gz	124259		1066	False	Thermotoga
GCF_000332235.1	113355	Geminocystis herdmanii PCC 6308	Geminocystis_herdmanii_PCC_6308.xml.gz	129861		1083	False	Geminocystis
GCF_000010285.1	378753	Kocuria rhizophila DC2201	Kocuria_rhizophila_DC2201_DC2201_NBRC_103217.xml.gz	147450		1365	False	Kocuria
GCF_000815065.1	743971	Mycoplasma flocculare ATCC 27399	Mycoplasma_flocculare_ATCC_27399_Ms42.xml.gz	57829		515	False	Mycoplasma
GCF_000975035.1	1095025	Demequina flava	Demequina_flava_NBRC_105854.xml.gz	131542		1168	False	Demequina
GCF_002208805.1	170573	Staphylococcus pettenkoferi	Staphylococcus_pettenkoferi_FDAARGOS_288.xml.gz	125374		1055	False	Staphylococcus
GCF_001028025.1	290055	Faecalicatena fissicatena	Faecalicatena_fissicatena_KCTC_15010.xml.gz	154349		1350	False	Faecalicatena
GCF_000380005.1	1123301	Streptococcus didelphis DSM 15616	Streptococcus_didelphis_DSM_15616.xml.gz	115620		1075	False	Streptococcus
GCF_001435835.1	1423735	Lactobacillus concavus DSM 17758	Lactobacillus_concavus_DSM_17758.xml.gz	102429		963	False	Lactobacillus
GCF_000172975.1	469381	Dethiosulfovibrio peptidovorans DSM 11002	Dethiosulfovibrio_peptidovorans_DSM_11002.xml.gz	150991		1368	False	Dethiosulfovibrio
GCF_000420605.1	1121364	Corynebacterium massiliense DSM 45435	Corynebacterium_massiliense_DSM_45435.xml.gz	116810		1052	False	Corynebacterium
GCF_001904775.1	549789	Phormidium tenue NIES-30	Phormidium_tenue_NIES_30.xml.gz	153284		1362	False	Phormidium
GCF_900107235.1	321339	Citreimonas salinaria	Citreimonas_salinaria_DSM_26880.xml.gz	182714		1678	False	Citreimonas
GCF_000070465.1	360910	Bordetella avium 197N	Bordetella_avium_197N.xml.gz	176400		1626	False	Bordetella
GCF_000688395.1	1121020	Haematomicrobium sanguinis DSM 21259	Haematomicrobium_sanguinis_DSM_21259.xml.gz	147267		1321	False	Haematomicrobium
GCF_000772535.1	505317	Chelonobacter oris	Chelonobacter_oris_1662.xml.gz	204209		2135	False	Chelonobacter
GCF_900105165.1	652787	Mucilaginibacter mallensis	Mucilaginibacter_mallensis_MP1X4.xml.gz	174030		1634	False	Mucilaginibacter
GCF_001517405.1	1619313	Erwinia gerundensis	Erwinia_gerundensis.xml.gz	233504	R_ATPS4rpp;	2472	True	Erwinia
GCF_000278295.1	1094560	Bartonella taylorii 8TBB	Bartonella_taylorii_8TBB.xml.gz	113370		1044	False	Bartonella
GCF_001975665.1	996801	Polaribacter reichenbachii	Polaribacter_reichenbachii_6Alg_8T.xml.gz	159716		1460	False	Polaribacter
GCF_000807675.2	1736	Eubacterium limosum	Eubacterium_limosum_ATCC_8486.xml.gz	148655		1303	False	Eubacterium
GCF_000241305.1	1077974	Gordonia effusa NBRC 100432	Gordonia_effusa_NBRC_100432.xml.gz	154251		1362	False	Gordonia
GCF_001544455.2	196367	Caballeronia sordidicola	Caballeronia_sordidicola.xml.gz	213535		2032	False	Caballeronia
GCF_900167165.1	1121270	Carboxydocella sporoproducens DSM 16521	Carboxydocella_sporoproducens_DSM_16521.xml.gz	144711		1331	False	Carboxydocella
GCF_900115125.1	35799	Nitrosospira briensis	Nitrosospira_briensis_Nsp8.xml.gz	143321		1317	False	Nitrosospira
GCF_900111405.1	237682	Salinibacillus kushneri	Salinibacillus_kushneri_CGMCC_1_3566.xml.gz	160050		1470	False	Salinibacillus
GCF_000715845.1	371720	Streptomyces monomycini	Streptomyces_monomycini_NRRL_B_24309.xml.gz	196319		1852	False	Streptomyces
GCF_900103775.1	211114	Allokutzneria albata	Allokutzneria_albata_DSM_44149.xml.gz	192281		1770	False	Allokutzneria
GCF_001571085.1	1314749	Azohydromonas lata NBRC 102462	Azohydromonas_lata_NBRC_102462.xml.gz	204713		1941	False	Azohydromonas
GCF_900114265.1	369401	Flaviramulus basaltis	Flaviramulus_basaltis_DSM_18180.xml.gz	168596		1558	False	Flaviramulus
GCF_001311035.1	1291051	[Clostridium] glycyrrhizinilyticum JCM 13369	Clostridium_glycyrrhizinilyticum_JCM_13369.xml.gz	128449		1155	False	[Clostridium]
GCF_000820705.1	1325933	Clostridium polynesiense	Clostridium_polynesiense_MS1.xml.gz	150320		1437	False	Clostridium
GCF_900098745.1	1892869	Actinomyces glycerinitolerans	Actinomyces_glycerinitolerans.xml.gz	136303		1207	False	Actinomyces
GCF_001721185.1	351679	Xenorhabdus hominickii	Xenorhabdus_hominickii_ANU1.xml.gz	216480	R_ATPS4rpp;	2309	True	Xenorhabdus
GCF_000025265.1	469383	Conexibacter woesei DSM 14684	Conexibacter_woesei_DSM_14684.xml.gz	182257		1663	False	Conexibacter
GCF_000335475.2	1242864	Cystobacter fuscus DSM 2262	Cystobacter_fuscus_DSM_2262.xml.gz	213000		2038	False	Cystobacter
GCF_900109255.1	1416801	Cyclobacterium halophilum	Cyclobacterium_halophilum_IBRC_M_10761.xml.gz	162007		1474	False	Cyclobacterium
GCF_001042715.1	84022	Clostridium aceticum	Clostridium_aceticum_DSM_1496.xml.gz	156459		1399	False	Clostridium
GCF_001262715.1	216946	Spiroplasma turonicum	Spiroplasma_turonicum_Tab4c.xml.gz	73248		616	False	Spiroplasma
GCF_000092905.1	562970	Kyrpidia tusciae DSM 2912	Kyrpidia_tusciae_DSM_2912.xml.gz	163253		1514	False	Kyrpidia
GCF_000719975.1	43354	Prauserella rugosa	Prauserella_rugosa_NRRL_B_2295.xml.gz	178731		1622	False	Prauserella
GCF_000425145.1	540906	Pedobacter glucosidilyticus DSM 23534	Pedobacter_glucosidilyticus_DSM_23534.xml.gz	161323		1466	False	Pedobacter
GCF_000741785.1	762211	Bifidobacterium stellenboschense	Bifidobacterium_stellenboschense_DSM_23968.xml.gz	129564		1199	False	Bifidobacterium
GCF_900100515.1	310769	Fervidobacterium changbaicum	Fervidobacterium_changbaicum_DSM_17883.xml.gz	113062		992	False	Fervidobacterium
GCF_000236405.1	1075399	Blattabacterium sp. (Cryptocercus punctulatus) str. Cpu	Blattabacterium_sp_Cryptocercus_punctulatus_str_Cpu.xml.gz	85946	R_ATPS4rpp;	736	True	Blattabacterium
GCF_000183545.2	867903	Thermaerobacter subterraneus DSM 13965	Thermaerobacter_subterraneus_DSM_13965.xml.gz	151034		1404	False	Thermaerobacter
GCF_000227355.1	1048830	Mycoplasma iowae 695	Mycoplasma_iowae_695.xml.gz	78256		696	False	Mycoplasma
GCF_000741165.1	1437608	Bifidobacterium biavatii DSM 23969	Bifidobacterium_biavatii_DSM_23969.xml.gz	121042		1104	False	Bifidobacterium
GCF_900105045.1	629680	Brevibacterium sandarakinum	Brevibacterium_sandarakinum_DSM_22082.xml.gz	167107		1496	False	Brevibacterium
GCF_000378745.1	1122979	Prevotella amnii DSM 23384 = JCM 14753	Prevotella_amnii_DSM_23384_JCM_14753.xml.gz	122350		1166	False	Prevotella
GCF_900095865.1	1870991	Massilioclostridium coli	Massilioclostridium_coli_Marseille_P2976.xml.gz	115296		1023	False	Massilioclostridium
GCF_000258495.1	1149865	Pedobacter agri PB92	Pedobacter_agri_PB92.xml.gz	159188		1477	False	Pedobacter
GCF_900100085.1	555512	Citreicella marina	Citreicella_marina_DSM_26424.xml.gz	196800		1781	False	Citreicella
GCF_900172355.1	254357	Roseisalinus antarcticus	Roseisalinus_antarcticus_CECT_7023.xml.gz	179374		1637	False	Roseisalinus
GCF_900102915.1	390640	Salinimicrobium catena	Salinimicrobium_catena_CGMCC_1_6101.xml.gz	156529		1434	False	Salinimicrobium
GCF_002222615.2	47678	Bacteroides caccae	Bacteroides_caccae_ATCC_43185.xml.gz	150572		1407	False	Bacteroides
GCF_000252855.1	693978	Riemerella anatipestifer ATCC 11845 = DSM 15868	Riemerella_anatipestifer_ATCC_11845_DSM_15868.xml.gz	126777		1133	False	Riemerella
GCF_001530125.1	36861	Thiobacillus denitrificans	Thiobacillus_denitrificans_RG.xml.gz	151621	R_ATPS4rpp;	1443	True	Thiobacillus
GCF_000297775.1	742823	Sutterella wadsworthensis 2_1_59BFAA	Sutterella_wadsworthensis_2_1_59BFAA.xml.gz	144693		1414	False	Sutterella
GCF_000620485.1	1380365	Dyella japonica UNC79MFTsu3.2	Dyella_japonica_UNC79MFTsu3_2.xml.gz	177793	R_ATPS4rpp;	1710	True	Dyella
GCF_000333015.1	1121927	Gordonia hirsuta DSM 44140 = NBRC 16056	Gordonia_hirsuta_DSM_44140_NBRC_16056.xml.gz	139114		1157	False	Gordonia
GCF_001579945.1	465721	Steroidobacter denitrificans	Steroidobacter_denitrificans_DSM_18526.xml.gz	156342		1407	False	Steroidobacter
GCF_000010425.1	367928	Bifidobacterium adolescentis ATCC 15703	Bifidobacterium_adolescentis_ATCC_15703.xml.gz	114019		1024	False	Bifidobacterium
GCF_001679005.1	478	Moraxella nonliquefaciens	Moraxella_nonliquefaciens_CCUG_348.xml.gz	136101	R_ATPS4rpp;	1239	True	Moraxella
GCF_000711225.1	1122946	Pelobacter seleniigenes DSM 18267	Pelobacter_seleniigenes_DSM_18267.xml.gz	179570		1649	False	Pelobacter
GCF_000877395.1	935700	Jannaschia aquimarina	Jannaschia_aquimarina_GSW_M26.xml.gz	175705		1612	False	Jannaschia
GCF_000975135.1	676200	Demequina aurantiaca	Demequina_aurantiaca_NBRC_106265.xml.gz	138384		1216	False	Demequina
GCF_900155625.1	1917889	Virgibacillus dakarensis	Virgibacillus_dakarensis_Marseille_P3469.xml.gz	163830		1560	False	Virgibacillus
GCF_001292705.1	1513270	Marinagarivorans algicola	Marinagarivorans_algicola_Z1.xml.gz	156238	R_ATPS4rpp;	1411	True	Marinagarivorans
GCF_001590785.1	519424	Bacillus trypoxylicola	Bacillus_trypoxylicola_KCTC_13244.xml.gz	142323		1270	False	Bacillus
GCF_900169565.1	1325564	Nitrospira japonica	Nitrospira_japonica.xml.gz	152554		1426	False	Nitrospira
GCF_000425065.1	1120937	Actinomadura rifamycini DSM 43936	Actinomadura_rifamycini_DSM_43936.xml.gz	196995		1809	False	Actinomadura
GCF_000454045.1	1136179	Rhodococcus erythropolis CCM2595	Rhodococcus_erythropolis_CCM2595.xml.gz	181742		1630	False	Rhodococcus
GCF_900109875.1	365346	Paenisporosarcina quisquiliarum	Paenisporosarcina_quisquiliarum_SK_55.xml.gz	165340		1564	False	Paenisporosarcina
GCF_000590475.1	316	Pseudomonas stutzeri	Pseudomonas_stutzeri_28a24.xml.gz	199540	R_ATPS4rpp;	1913	True	Pseudomonas
GCF_001592345.1	1219038	Sphingomonas adhaesiva NBRC 15099	Sphingomonas_adhaesiva_NBRC_15099.xml.gz	167957		1545	False	Sphingomonas
GCF_000182745.2	634177	Komagataeibacter medellinensis NBRC 3288	Komagataeibacter_medellinensis_NBRC_3288.xml.gz	167847		1606	False	Komagataeibacter
GCF_900176045.1	1069081	Nitratiruptor tergarcus DSM 16512	Nitratiruptor_tergarcus_DSM_16512.xml.gz	117250		961	False	Nitratiruptor
GCF_001483765.1	317018	Nesterenkonia jeotgali	Nesterenkonia_jeotgali_CD08_7.xml.gz	144241		1283	False	Nesterenkonia
GCF_000157355.2	565655	Enterococcus casseliflavus EC20	Enterococcus_casseliflavus_EC20.xml.gz	150060		1410	False	Enterococcus
GCF_000227765.1	1030841	Neisseria wadsworthii 9715	Neisseria_wadsworthii_9715.xml.gz	155811		1431	False	Neisseria
GCF_001722515.1	665550	Dietzia alimentaria	Dietzia_alimentaria_BP_27_1.xml.gz	132753		1122	False	Dietzia
GCF_002153375.1	937927	Oceanobacillus rekensis	Oceanobacillus_rekensis_PT_11.xml.gz	171961		1630	False	Oceanobacillus
GCF_000525975.1	1265846	Listeria rocourtiae FSL F6-920	Listeria_rocourtiae_FSL_F6_920.xml.gz	130166		1176	False	Listeria
GCF_900115005.1	260086	Pseudonocardia ammonioxydans	Pseudonocardia_ammonioxydans_CGMCC_4_1877.xml.gz	197979		1790	False	Pseudonocardia
GCF_000286075.1	699248	Streptococcus ratti FA-1 = DSM 20564	Streptococcus_ratti_FA_1_DSM_20564.xml.gz	128312		1167	False	Streptococcus
GCF_000327395.1	1179777	Mycoplasma feriruminatoris	Mycoplasma_feriruminatoris_G5847.xml.gz	71338		620	False	Mycoplasma
GCF_900114325.1	582702	Rhodanobacter glycinis	Rhodanobacter_glycinis_MO64.xml.gz	170623	R_ATPS4rpp;	1628	True	Rhodanobacter
GCF_900113015.1	35752	Actinoplanes philippinensis	Actinoplanes_philippinensis_DSM_43019.xml.gz	201664		1897	False	Actinoplanes
GCF_001989575.1	1849491	Auricoccus indicus	Auricoccus_indicus_S31.xml.gz	105878		918	False	Auricoccus
GCF_900102505.1	336292	Paracoccus tibetensis	Paracoccus_tibetensis_CGMCC_1_8925.xml.gz	180518		1662	False	Paracoccus
GCF_000025885.1	572547	Aminobacterium colombiense DSM 12261	Aminobacterium_colombiense_DSM_12261.xml.gz	136140		1226	False	Aminobacterium
GCF_000147835.2	690566	Sphingobium chlorophenolicum L-1	Sphingobium_chlorophenolicum_L_1.xml.gz	179089		1695	False	Sphingobium
GCF_000159995.1	626522	Alloprevotella tannerae ATCC 51259	Alloprevotella_tannerae_ATCC_51259.xml.gz	121484	R_ATPS4rpp;	1159	True	Alloprevotella
GCF_000018605.1	403833	Petrotoga mobilis SJ95	Petrotoga_mobilis_SJ95.xml.gz	125988		1086	False	Petrotoga
GCF_000495505.1	1244528	Campylobacter fetus subsp. testudinum 03-427	Campylobacter_fetus_subsp_testudinum_03_427.xml.gz	126499		1110	False	Campylobacter
GCF_000686705.1	1121319	Clostridium hydrogeniformans DSM 21757	Clostridium_hydrogeniformans_DSM_21757.xml.gz	148503		1395	False	Clostridium
GCF_000341145.1	1246474	Nocardiopsis xinjiangensis YIM 90004	Nocardiopsis_xinjiangensis_YIM_90004.xml.gz	169288		1557	False	Nocardiopsis
GCF_900163715.1	946573	Brevibacterium yomogidense	Brevibacterium_yomogidense_B_Co_03_10.xml.gz	151486		1385	False	Brevibacterium
GCF_001418495.1	1650571	Streptomyces pathocidini	Streptomyces_pathocidini_NRRL_B_24287.xml.gz	174954		1624	False	Streptomyces
GCF_900142605.1	1419482	Chitinophaga jiangningensis	Chitinophaga_jiangningensis_DSM_27406.xml.gz	182373		1687	False	Chitinophaga
GCF_000203895.1	318586	Paracoccus denitrificans PD1222	Paracoccus_denitrificans_PD1222.xml.gz	205206		1930	False	Paracoccus
GCF_000219725.1	744872	Treponema caldarium DSM 7334	Treponema_caldarium_DSM_7334.xml.gz	148781		1388	False	Treponema
GCF_000739795.1	1218081	Paraburkholderia kururiensis subsp. thiooxydans NBRC 107107	Paraburkholderia_kururiensis_subsp_thiooxydans_NBRC_107107.xml.gz	217490		2054	False	Paraburkholderia
GCF_000766945.1	1209072	Cellvibrio mixtus subsp. mixtus J3-8	Cellvibrio_mixtus_subsp_mixtus_J3_8.xml.gz	173953		1654	False	Cellvibrio
GCF_000092385.1	749414	Streptomyces bingchenggensis BCW-1	Streptomyces_bingchenggensis_BCW_1.xml.gz	204230		1904	False	Streptomyces
GCF_900114795.1	52442	Nitrosomonas nitrosa	Nitrosomonas_nitrosa_Nm146.xml.gz	142811		1312	False	Nitrosomonas
GCF_900176425.1	1434700	Moheibacter sediminis	Moheibacter_sediminis_CGMCC_1_12708.xml.gz	149131		1370	False	Moheibacter
GCF_000380085.1	1123308	Streptococcus merionis DSM 19192	Streptococcus_merionis_DSM_19192.xml.gz	119464		1098	False	Streptococcus
GCF_900156105.1	159291	Alkalispirochaeta americana	Alkalispirochaeta_americana_ASpG1.xml.gz	146000		1356	False	Alkalispirochaeta
GCF_900107045.1	589385	Amycolatopsis xylanica	Amycolatopsis_xylanica_CPCC_202699.xml.gz	204154		1920	False	Amycolatopsis
GCF_001311375.1	1423742	Lactobacillus equigenerosi DSM 18793 = JCM 14505	Lactobacillus_equigenerosi_DSM_18793_JCM_14505.xml.gz	86574		810	False	Lactobacillus
GCF_000421225.1	1123065	Ruania albidiflava DSM 18029	Ruania_albidiflava_DSM_18029.xml.gz	161019		1501	False	Ruania
GCF_900148495.1	1871035	Negativibacillus massiliensis	Negativibacillus_massiliensis_Marseille_P3213.xml.gz	108538		964	False	Negativibacillus
GCF_000423425.1	604331	Meiothermus rufus DSM 22234	Meiothermus_rufus_DSM_22234.xml.gz	158615	R_ATPS4rpp;	1404	True	Meiothermus
GCF_001941445.1	1431546	Corynebacterium aquilae DSM 44791	Corynebacterium_aquilae_DSM_44791_S_613.xml.gz	133682		1154	False	Corynebacterium
GCF_000420545.1	1121015	Arenimonas oryziterrae DSM 21050 = YC6267	Arenimonas_oryziterrae_DSM_21050_YC6267.xml.gz	153474	R_ATPS4rpp;	1381	True	Arenimonas
GCF_001613045.1	1210083	Nocardia lijiangensis NBRC 108240	Nocardia_lijiangensis_NBRC_108240.xml.gz	174203		1551	False	Nocardia
GCF_000092585.1	710127	Mycoplasma gallisepticum str. R(low)	Mycoplasma_gallisepticum_str_R_low.xml.gz	59456		519	False	Mycoplasma
GCF_001584765.1	1784	Mycobacterium simiae	Mycobacterium_simiae_MO323.xml.gz	166311		1461	False	Mycobacterium
GCF_000420025.1	1122939	Patulibacter americanus DSM 16676	Patulibacter_americanus_DSM_16676.xml.gz	169959		1598	False	Patulibacter
GCF_900142065.1	232089	Agromyces cerinus subsp. cerinus	Agromyces_cerinus_subsp_cerinus_DSM_8595.xml.gz	165843		1496	False	Agromyces
GCF_000284155.1	1105110	Rickettsia australis str. Cutlack	Rickettsia_australis_str_Cutlack.xml.gz	95055		948	False	Rickettsia
GCF_000341165.1	1235441	Nocardiopsis gilva YIM 90087	Nocardiopsis_gilva_YIM_90087.xml.gz	172543		1571	False	Nocardiopsis
GCF_000024105.1	525919	Anaerococcus prevotii DSM 20548	Anaerococcus_prevotii_DSM_20548.xml.gz	114184		1077	False	Anaerococcus
GCF_000382125.1	1121875	Eudoraea adriatica DSM 19308	Eudoraea_adriatica_DSM_19308.xml.gz	167629		1550	False	Eudoraea
GCF_000513215.1	273526	Serratia marcescens subsp. marcescens Db11	Serratia_marcescens_subsp_marcescens_Db11.xml.gz	247202	R_ATPS4rpp;	2579	True	Serratia
GCF_001442615.1	1750590	Algoriphagus resistens	Algoriphagus_resistens_NH1.xml.gz	172211		1587	False	Algoriphagus
GCF_000724775.3	28031	Lysinibacillus fusiformis	Lysinibacillus_fusiformis_RB_21.xml.gz	163711		1528	False	Lysinibacillus
GCF_000429945.1	1121403	Desulfobulbus japonicus DSM 18378	Desulfobulbus_japonicus_DSM_18378.xml.gz	175878		1635	False	Desulfobulbus
GCF_001438695.1	930946	Fructobacillus fructosus KCTC 3544	Fructobacillus_fructosus_KCTC_3544_DSM_20349.xml.gz	86865		773	False	Fructobacillus
GCF_900155735.1	1871029	Intestinibacillus massiliensis	Intestinibacillus_massiliensis_type_strain_Marseille_P3216.xml.gz	124900		1091	False	Intestinibacillus
GCF_000008485.1	272624	Legionella pneumophila subsp. pneumophila str. Philadelphia 1	Legionella_pneumophila_subsp_pneumophila_str_Philadelphia_1.xml.gz	158597	R_ATPS4rpp;	1486	True	Legionella
GCF_000468615.2	1348584	Cellulophaga baltica 18	Cellulophaga_baltica_18.xml.gz	168477		1562	False	Cellulophaga
GCF_900188105.1	134959	Actinomadura mexicana	Actinomadura_mexicana_DSM_44485.xml.gz	198094		1860	False	Actinomadura
GCF_900128485.1	1852381	Duodenibacillus massiliensis	Duodenibacillus_massiliensis_Marseille_P2968.xml.gz	136950		1299	False	Duodenibacillus
GCF_000488255.1	1341679	Acinetobacter indicus CIP 110367	Acinetobacter_indicus_CIP_110367.xml.gz	182114	R_ATPS4rpp;	1800	True	Acinetobacter
GCF_000382325.1	1123503	Woodsholea maritima DSM 17123	Woodsholea_maritima_DSM_17123.xml.gz	154228		1403	False	Woodsholea
GCF_000168715.1	377431	Chlorobium ferrooxidans DSM 13031	Chlorobium_ferrooxidans_DSM_13031.xml.gz	148652		1348	False	Chlorobium
GCF_000260985.4	754476	Methylophaga nitratireducenticrescens	Methylophaga_nitratireducenticrescens_JAM1.xml.gz	146978		1344	False	Methylophaga
GCF_002102395.1	1798	Mycobacterium triviale	Mycobacterium_triviale_DSM_44153.xml.gz	138478		1151	False	Mycobacterium
GCF_000212735.1	760192	Haliscomenobacter hydrossis DSM 1100	Haliscomenobacter_hydrossis_DSM_1100.xml.gz	185920		1766	False	Haliscomenobacter
GCF_900114315.1	1123062	Roseomonas stagni DSM 19981	Roseomonas_stagni_DSM_19981.xml.gz	194591		1755	False	Roseomonas
GCF_001050475.1	1007676	Lactobacillus ginsenosidimutans	Lactobacillus_ginsenosidimutans_EMML_3041.xml.gz	129808		1180	False	Lactobacillus
GCF_000988095.1	206506	Kerstersia gyiorum	Kerstersia_gyiorum_CG1.xml.gz	191151		1838	False	Kerstersia
GCF_000190435.1	158189	Sphaerochaeta globosa str. Buddy	Sphaerochaeta_globosa_str_Buddy.xml.gz	144527		1311	False	Sphaerochaeta
GCF_900112585.1	402385	Kushneria avicenniae	Kushneria_avicenniae_DSM_23439.xml.gz	196216	R_ATPS4rpp;	1944	True	Kushneria
GCF_001642915.1	980254	Roseimaritima ulvae	Roseimaritima_ulvae_DSM_25454.xml.gz	165938		1532	False	Roseimaritima
GCF_001758365.1	1121290	Clostridium acetireducens DSM 10703	Clostridium_acetireducens_DSM_10703.xml.gz	116893		1024	False	Clostridium
GCF_000163895.2	546269	Filifactor alocis ATCC 35896	Filifactor_alocis_ATCC_35896.xml.gz	92844		822	False	Filifactor
